Date In,Model,IMEI,Supplier,Buy Price,Status,Platform,Sale Price,Sale Date
2024-02-22,iPhone 15 Pro Max 1TB Gold,555158588769899,eBay Wholesale,957,SOLD,eBay,1146,2024-04-27
2024-03-25,iPhone 15 Pro 1TB Blue Titanium,462098463458564,Backmarket Direct,840,AVAILABLE,,,
2024-02-28,Galaxy S23 256GB Titanium Violet,446759195169690,Lazada Bulk,673,AVAILABLE,,,
2024-02-28,Galaxy S24 Ultra 256GB Green,003575400881377,eBay Wholesale,620,SOLD,Amazon,801,2024-04-30
2024-03-20,iPhone 14 1TB Blue Titanium,879895811481958,Local Trade-in,1159,AVAILABLE,,,
2024-04-10,Galaxy S24 256GB Cream,823849187484243,Backmarket Direct,813,SOLD,Backmarket,931,2024-04-29
2024-03-28,Galaxy S22 Ultra 256GB Titanium Black,752188630295748,Backmarket Direct,839,SOLD,eBay,955,2024-04-25
2024-04-10,Galaxy S24+ 512GB Cream,081318096588484,eBay Wholesale,1109,AVAILABLE,,,
2024-01-28,iPhone 15 Pro 512GB Midnight,616844882560196,Amazon UK,607,SOLD,Amazon,772,2024-04-24
2024-02-20,Galaxy S23 512GB Phantom Black,183430326802316,Lazada Bulk,747,SOLD,Direct,813,2024-04-28
2024-03-18,Galaxy S23 Ultra 512GB Titanium Gray,331334903932074,Amazon UK,1125,SOLD,OnBuy,1193,2024-04-29
2024-02-18,Galaxy S24 512GB Green,447981804516528,Lazada Bulk,781,SOLD,Backmarket,946,2024-04-20
2024-01-28,Galaxy S24+ 512GB Titanium Black,499163673344493,Amazon UK,456,AVAILABLE,,,
2024-04-12,iPhone 15 Pro 128GB Midnight,188640847701139,Backmarket Direct,700,AVAILABLE,,,
2024-01-10,Galaxy S22 Ultra 1TB Phantom Black,078372082978861,eBay Wholesale,835,AVAILABLE,,,
2024-01-23,iPhone 13 512GB Black Titanium,603386789392995,Lazada Bulk,1087,SOLD,Backmarket,1285,2024-04-30
2024-04-11,Galaxy S23 Ultra 128GB Phantom Black,221207140532604,Local Trade-in,882,AVAILABLE,,,
2024-04-10,iPhone 15 Pro 128GB White Titanium,747496152438826,Lazada Bulk,1098,SOLD,OnBuy,1251,2024-04-25
2024-03-13,iPhone 13 512GB White Titanium,699157775527641,Backmarket Direct,872,AVAILABLE,,,
2024-03-10,Galaxy S24+ 512GB Lavender,790827411401678,Backmarket Direct,710,AVAILABLE,,,
2024-04-18,Galaxy S24 256GB Titanium Black,564986722741995,Local Trade-in,423,AVAILABLE,,,
2024-02-25,iPhone 15 Pro Max 512GB Gold,233362405869421,Local Trade-in,458,SOLD,Amazon,626,2024-04-21
2024-04-14,Galaxy S22 Ultra 256GB Cream,952137061003476,Local Trade-in,584,AVAILABLE,,,
2024-03-19,Galaxy S24+ 512GB Cream,446230380218165,Backmarket Direct,1126,SOLD,Amazon,1314,2024-04-30
2024-04-11,Galaxy S23 1TB Green,974816038803352,Local Trade-in,495,AVAILABLE,,,
2024-04-27,iPhone 15 Pro 1TB Midnight,950588409766075,Amazon UK,710,SOLD,OnBuy,866,2024-04-30
2024-04-27,iPhone 14 128GB Gold,165009118530651,Backmarket Direct,702,AVAILABLE,,,
2024-01-19,iPhone 15 Pro Max 1TB Space Grey,132675243353491,Lazada Bulk,1000,SOLD,Amazon,1053,2024-04-20
2024-02-19,iPhone 15 Pro Max 128GB Blue Titanium,726177941720802,Local Trade-in,961,AVAILABLE,,,
2024-04-23,iPhone 14 1TB Space Grey,187485389508251,Backmarket Direct,885,SOLD,Amazon,1022,2024-04-22
2024-02-24,iPhone 14 Pro Max 128GB Midnight,908236401355740,Amazon UK,745,SOLD,Backmarket,804,2024-04-29
2024-01-16,iPhone 14 1TB Space Grey,747093944225597,Amazon UK,933,SOLD,Amazon,1111,2024-04-22
2024-02-15,Galaxy S22 Ultra 512GB Phantom Black,670442672403966,Backmarket Direct,949,AVAILABLE,,,
2024-01-18,Galaxy S23 Ultra 512GB Cream,374159873870459,eBay Wholesale,863,AVAILABLE,,,
2024-02-12,Galaxy S22 Ultra 256GB Green,615049068701907,Amazon UK,578,SOLD,OnBuy,739,2024-04-28
2024-04-11,Galaxy S24 Ultra 512GB Titanium Gray,280086558385628,Lazada Bulk,943,SOLD,Amazon,1085,2024-04-28
2024-04-15,iPhone 15 Pro 128GB Starlight,980919740156985,eBay Wholesale,930,SOLD,Direct,1055,2024-04-24
2024-03-14,iPhone 14 512GB White Titanium,744159807090533,Local Trade-in,459,AVAILABLE,,,
2024-02-12,iPhone 13 1TB Starlight,756152311657103,Amazon UK,1009,AVAILABLE,,,
2024-03-11,iPhone 15 Pro Max 512GB Space Grey,308575432185865,eBay Wholesale,1138,AVAILABLE,,,
2024-01-14,Galaxy S22 Ultra 512GB Phantom Black,139392541010711,Lazada Bulk,653,SOLD,OnBuy,757,2024-04-22
2024-02-12,Galaxy S23 512GB Cream,975719285068179,eBay Wholesale,483,AVAILABLE,,,
2024-01-15,iPhone 14 512GB Gold,970123825416031,Backmarket Direct,702,SOLD,eBay,846,2024-04-30
2024-04-16,iPhone 14 256GB Space Grey,769725136254354,Amazon UK,861,AVAILABLE,,,
2024-01-24,Galaxy S22 Ultra 1TB Green,160976239387912,Lazada Bulk,921,SOLD,Backmarket,973,2024-04-30
2024-03-11,iPhone 15 Pro Max 1TB White Titanium,609850685682577,eBay Wholesale,967,AVAILABLE,,,
2024-02-14,iPhone 15 512GB Starlight,361497716578313,Lazada Bulk,935,SOLD,eBay,987,2024-04-20
2024-02-28,iPhone 13 512GB Gold,752040976421123,Amazon UK,828,SOLD,eBay,879,2024-04-24
2024-03-12,iPhone 15 Pro Max 128GB Gold,404212898490198,Local Trade-in,523,SOLD,Direct,646,2024-04-25
2024-02-15,Galaxy S22 Ultra 256GB Green,595859409945415,Local Trade-in,408,SOLD,Direct,523,2024-04-24
2024-03-25,Galaxy S23 256GB Phantom Black,873895450186705,Local Trade-in,720,AVAILABLE,,,
2024-04-12,Galaxy S24+ 128GB Titanium Gray,039708272827359,eBay Wholesale,577,AVAILABLE,,,
2024-02-23,Galaxy S24 Ultra 512GB Titanium Black,429908958863248,Backmarket Direct,994,AVAILABLE,,,
2024-02-16,iPhone 13 128GB Midnight,803810181865951,Backmarket Direct,680,AVAILABLE,,,
2024-02-25,iPhone 15 Pro 256GB Space Grey,462818438969847,Local Trade-in,978,SOLD,OnBuy,1048,2024-04-29
2024-02-25,iPhone 15 Pro Max 512GB Blue Titanium,144813227959797,Local Trade-in,578,AVAILABLE,,,
2024-03-15,Galaxy S24 128GB Titanium Black,873338892438146,Lazada Bulk,789,SOLD,Amazon,886,2024-04-30
2024-04-18,iPhone 14 128GB Silver,133327220500549,Lazada Bulk,640,AVAILABLE,,,
2024-01-24,iPhone 15 128GB Blue Titanium,557192534800394,Local Trade-in,1090,AVAILABLE,,,
2024-03-24,iPhone 15 256GB Gold,743270517416225,Lazada Bulk,1194,SOLD,Amazon,1248,2024-04-29
2024-03-14,iPhone 15 256GB Natural Titanium,626650065469836,eBay Wholesale,506,AVAILABLE,,,
2024-03-23,iPhone 14 256GB Space Grey,274697748174693,Backmarket Direct,1120,SOLD,Direct,1178,2024-04-21
2024-02-10,Galaxy S24+ 512GB Cream,725929106338523,eBay Wholesale,925,SOLD,Direct,1028,2024-04-20
2024-02-17,iPhone 15 128GB Space Grey,113792190588552,Backmarket Direct,1062,SOLD,eBay,1151,2024-04-20
2024-04-25,Galaxy S23 Ultra 256GB Phantom Black,647605447780919,Local Trade-in,540,AVAILABLE,,,
2024-02-13,Galaxy S23 1TB Phantom Black,279654769073105,Local Trade-in,1110,AVAILABLE,,,
2024-02-14,iPhone 14 Pro Max 128GB Black Titanium,955068276158282,eBay Wholesale,608,SOLD,OnBuy,738,2024-04-20
2024-03-17,Galaxy S24 Ultra 1TB Lavender,608790753838801,Amazon UK,831,SOLD,Direct,910,2024-04-28
2024-03-20,iPhone 15 Pro 512GB Gold,419611054413582,eBay Wholesale,1113,SOLD,eBay,1250,2024-04-20
2024-03-12,Galaxy S24 Ultra 128GB Lavender,300822683567975,Lazada Bulk,1008,SOLD,eBay,1147,2024-04-23
2024-02-13,Galaxy S24 128GB Titanium Violet,702399868174935,Amazon UK,803,AVAILABLE,,,
2024-03-14,iPhone 14 Pro Max 128GB Gold,234517333964547,Local Trade-in,807,AVAILABLE,,,
2024-02-28,iPhone 14 128GB Blue Titanium,258932056768584,Amazon UK,647,AVAILABLE,,,
2024-04-17,Galaxy S22 Ultra 512GB Titanium Black,684780544727971,Backmarket Direct,964,AVAILABLE,,,
2024-04-10,Galaxy S23 Ultra 1TB Titanium Gray,773108146826614,eBay Wholesale,947,AVAILABLE,,,
2024-02-25,iPhone 15 Pro Max 512GB Silver,186637937784911,Backmarket Direct,823,SOLD,Direct,973,2024-04-30
2024-01-21,Galaxy S23 Ultra 1TB Titanium Violet,672892095782367,Backmarket Direct,1141,SOLD,Amazon,1292,2024-04-28
2024-02-24,Galaxy S24+ 512GB Cream,095120111496761,Local Trade-in,1175,AVAILABLE,,,
2024-01-18,Galaxy S24+ 1TB Titanium Gray,933036205883125,Amazon UK,1194,SOLD,eBay,1279,2024-04-29
2024-02-10,Galaxy S23 512GB Lavender,388239651549146,Lazada Bulk,643,SOLD,Amazon,751,2024-04-24
2024-03-10,iPhone 14 512GB White Titanium,097936890859348,Amazon UK,722,AVAILABLE,,,
2024-02-24,iPhone 15 128GB Blue Titanium,514946182789365,eBay Wholesale,852,SOLD,Direct,906,2024-04-22
2024-02-15,iPhone 14 128GB Silver,712375929606421,Backmarket Direct,636,SOLD,Amazon,812,2024-04-23
2024-04-23,iPhone 15 Pro 128GB Black Titanium,697159969539765,eBay Wholesale,750,AVAILABLE,,,
2024-03-25,Galaxy S24 Ultra 128GB Lavender,265767822412196,eBay Wholesale,864,SOLD,Amazon,942,2024-04-30
2024-04-14,Galaxy S24 1TB Titanium Black,324186700694696,Local Trade-in,600,SOLD,Backmarket,671,2024-04-25
2024-04-27,Galaxy S22 Ultra 256GB Lavender,907344020064621,Backmarket Direct,423,AVAILABLE,,,
2024-02-20,Galaxy S24+ 256GB Lavender,033336163623097,Lazada Bulk,505,SOLD,Amazon,668,2024-04-20
2024-03-21,iPhone 14 512GB Starlight,900488259219455,Backmarket Direct,799,SOLD,eBay,997,2024-04-26
2024-01-13,iPhone 15 Pro 1TB Black Titanium,784977326531111,Local Trade-in,425,SOLD,Amazon,536,2024-04-23
2024-04-12,Galaxy S23 Ultra 128GB Green,241417786779343,eBay Wholesale,1088,AVAILABLE,,,
2024-02-28,iPhone 15 512GB Midnight,115220412832823,eBay Wholesale,572,SOLD,Direct,741,2024-04-30
2024-02-18,Galaxy S23 512GB Green,745308995149688,Local Trade-in,597,SOLD,Amazon,772,2024-04-26
2024-04-16,iPhone 14 Pro Max 128GB Blue Titanium,393407829309390,Lazada Bulk,1056,AVAILABLE,,,
2024-01-18,Galaxy S24 128GB Cream,619049103649328,Local Trade-in,548,AVAILABLE,,,
2024-02-16,iPhone 15 Pro Max 1TB Gold,188789337576491,Local Trade-in,637,AVAILABLE,,,
2024-03-16,iPhone 15 Pro 256GB Starlight,807776486202701,Local Trade-in,828,AVAILABLE,,,
2024-03-25,Galaxy S24+ 128GB Titanium Gray,122269387413142,Backmarket Direct,525,AVAILABLE,,,
2024-02-20,iPhone 15 Pro 256GB Blue Titanium,283858646296249,eBay Wholesale,1113,SOLD,eBay,1275,2024-04-22
2024-04-17,Galaxy S24+ 128GB Lavender,843245247639660,Lazada Bulk,712,AVAILABLE,,,
2024-03-12,iPhone 13 128GB Blue Titanium,919568658505704,Local Trade-in,558,SOLD,Amazon,617,2024-04-28
2024-03-26,iPhone 13 512GB Space Grey,658403096320450,Backmarket Direct,681,SOLD,OnBuy,787,2024-04-22
2024-04-10,Galaxy S23 Ultra 512GB Green,004740044472070,Local Trade-in,1058,AVAILABLE,,,
2024-02-21,iPhone 14 Pro Max 256GB Starlight,963174468522460,Backmarket Direct,838,SOLD,OnBuy,938,2024-04-27
2024-02-12,Galaxy S24 256GB Titanium Gray,544293264623231,eBay Wholesale,1048,AVAILABLE,,,
2024-01-24,iPhone 15 1TB Silver,127894537692576,eBay Wholesale,862,AVAILABLE,,,
2024-01-23,Galaxy S24 256GB Titanium Black,682858243416984,Amazon UK,590,SOLD,Amazon,700,2024-04-26
2024-02-22,iPhone 14 Pro Max 256GB Black Titanium,850843137444733,Local Trade-in,1153,SOLD,Backmarket,1211,2024-04-30
2024-04-20,iPhone 13 1TB Gold,781917072946652,eBay Wholesale,732,SOLD,Backmarket,910,2024-04-30
2024-03-17,Galaxy S23 256GB Phantom Black,331942014487492,Lazada Bulk,579,SOLD,Amazon,732,2024-04-23
2024-01-21,iPhone 15 Pro Max 512GB Space Grey,217405747925635,Lazada Bulk,1163,SOLD,OnBuy,1334,2024-04-24
2024-01-22,iPhone 14 1TB Midnight,059261916372051,Backmarket Direct,1053,AVAILABLE,,,
2024-03-26,iPhone 14 128GB White Titanium,628803016774765,Amazon UK,1010,AVAILABLE,,,
2024-02-21,Galaxy S24+ 128GB Titanium Violet,396941429204448,Local Trade-in,1172,SOLD,eBay,1254,2024-04-25
2024-01-22,iPhone 15 Pro 512GB Gold,532295579997952,Local Trade-in,619,SOLD,eBay,708,2024-04-23
2024-03-16,iPhone 13 128GB White Titanium,513900676665907,Lazada Bulk,858,SOLD,Direct,971,2024-04-29
2024-04-13,Galaxy S24+ 512GB Green,167574443128196,eBay Wholesale,418,SOLD,Direct,482,2024-04-30
2024-01-20,iPhone 15 1TB Blue Titanium,430016419282248,eBay Wholesale,952,AVAILABLE,,,
2024-02-10,iPhone 15 128GB Natural Titanium,081298577004029,Local Trade-in,438,AVAILABLE,,,
2024-04-10,iPhone 14 256GB Black Titanium,317959083225986,Local Trade-in,711,SOLD,Backmarket,773,2024-04-29
2024-04-11,Galaxy S23 Ultra 512GB Titanium Gray,745105896480628,eBay Wholesale,870,SOLD,Amazon,943,2024-04-21
2024-02-22,iPhone 14 Pro Max 512GB Midnight,463730966911412,Local Trade-in,490,AVAILABLE,,,
2024-03-18,iPhone 13 512GB Blue Titanium,592764508666724,Local Trade-in,788,SOLD,OnBuy,890,2024-04-20
2024-02-28,Galaxy S24 256GB Green,612752297533297,Local Trade-in,974,SOLD,OnBuy,1042,2024-04-23
2024-01-14,Galaxy S23 256GB Cream,037170426747067,Lazada Bulk,818,AVAILABLE,,,
2024-03-15,iPhone 14 512GB White Titanium,895727831995703,eBay Wholesale,680,AVAILABLE,,,
2024-04-19,iPhone 15 Pro 256GB Starlight,187079321493077,Local Trade-in,575,AVAILABLE,,,
2024-03-17,Galaxy S23 Ultra 128GB Titanium Black,522844315034266,Lazada Bulk,587,AVAILABLE,,,
2024-03-12,iPhone 15 256GB Blue Titanium,031438592357416,Backmarket Direct,683,AVAILABLE,,,
2024-01-19,Galaxy S23 Ultra 512GB Green,843018915431647,Backmarket Direct,785,SOLD,Backmarket,902,2024-04-23
2024-04-23,Galaxy S24+ 512GB Titanium Gray,596114431061507,Backmarket Direct,566,AVAILABLE,,,
2024-01-18,iPhone 15 Pro Max 1TB Space Grey,355099643059122,eBay Wholesale,819,SOLD,OnBuy,954,2024-04-30
2024-01-22,iPhone 15 Pro 1TB Natural Titanium,973605061397363,eBay Wholesale,440,SOLD,Backmarket,607,2024-04-25
2024-04-19,Galaxy S22 Ultra 1TB Titanium Black,057172733709687,Amazon UK,666,AVAILABLE,,,
2024-03-25,iPhone 13 128GB Silver,597802356385826,Lazada Bulk,901,SOLD,OnBuy,999,2024-04-30
2024-01-16,iPhone 15 Pro 1TB Gold,698507298019206,eBay Wholesale,488,SOLD,Direct,671,2024-04-23
2024-03-13,iPhone 13 1TB Black Titanium,779796977563066,Backmarket Direct,541,SOLD,Backmarket,613,2024-04-28
2024-03-16,Galaxy S23 Ultra 128GB Lavender,949470042683741,Amazon UK,637,SOLD,Direct,780,2024-04-28
2024-03-27,iPhone 15 Pro 512GB Starlight,159646265596274,Backmarket Direct,1177,AVAILABLE,,,
2024-01-25,iPhone 15 Pro Max 128GB Space Grey,663335758267804,Amazon UK,429,SOLD,Backmarket,618,2024-04-26
2024-04-25,Galaxy S24 Ultra 1TB Titanium Gray,757573537238608,Local Trade-in,1020,AVAILABLE,,,
2024-01-20,Galaxy S24 256GB Green,292989211565248,Backmarket Direct,696,SOLD,Amazon,869,2024-04-25
2024-02-20,Galaxy S24 1TB Lavender,693901234325415,Local Trade-in,983,AVAILABLE,,,
2024-04-25,iPhone 14 1TB Midnight,269349177696140,Local Trade-in,1145,SOLD,Amazon,1205,2024-04-25
2024-02-16,iPhone 15 Pro Max 256GB Midnight,596342524815535,Backmarket Direct,1189,AVAILABLE,,,
2024-01-18,iPhone 14 Pro Max 128GB Gold,508947647006797,Local Trade-in,620,SOLD,Amazon,724,2024-04-30
2024-03-16,iPhone 15 128GB Natural Titanium,200904353617954,Lazada Bulk,751,SOLD,eBay,868,2024-04-29
2024-03-18,Galaxy S23 Ultra 1TB Cream,572729086930281,Backmarket Direct,560,AVAILABLE,,,
2024-04-19,Galaxy S24 Ultra 256GB Phantom Black,901582758321889,eBay Wholesale,719,AVAILABLE,,,
2024-01-19,Galaxy S23 Ultra 128GB Cream,376547851895159,Amazon UK,739,SOLD,OnBuy,844,2024-04-29
2024-03-23,Galaxy S23 128GB Green,705030458577742,Local Trade-in,426,AVAILABLE,,,
2024-01-20,Galaxy S22 Ultra 256GB Titanium Black,797573693901774,Amazon UK,518,SOLD,Amazon,593,2024-04-21
2024-04-12,iPhone 14 Pro Max 512GB Midnight,486297910745510,Lazada Bulk,475,AVAILABLE,,,
2024-04-12,Galaxy S22 Ultra 1TB Titanium Black,209687361308756,eBay Wholesale,520,AVAILABLE,,,
2024-01-20,iPhone 14 128GB Gold,766229828058642,Amazon UK,1138,AVAILABLE,,,
2024-04-12,Galaxy S24+ 128GB Lavender,960718519095980,Amazon UK,493,AVAILABLE,,,
2024-02-10,iPhone 15 512GB Space Grey,148288719730796,eBay Wholesale,799,AVAILABLE,,,
2024-02-18,Galaxy S22 Ultra 512GB Titanium Gray,485221247814336,Lazada Bulk,619,AVAILABLE,,,
2024-04-15,Galaxy S22 Ultra 1TB Titanium Violet,515684851683806,Lazada Bulk,1178,SOLD,Amazon,1252,2024-04-26
2024-02-12,Galaxy S24 Ultra 1TB Titanium Black,354831530087386,Lazada Bulk,954,AVAILABLE,,,
2024-03-23,Galaxy S22 Ultra 1TB Titanium Black,659253514545723,Local Trade-in,564,SOLD,Backmarket,731,2024-04-28
2024-02-22,Galaxy S24+ 1TB Titanium Black,990048251874169,eBay Wholesale,813,AVAILABLE,,,
2024-01-25,iPhone 14 Pro Max 256GB Natural Titanium,104805569154898,Lazada Bulk,704,AVAILABLE,,,
2024-03-12,Galaxy S22 Ultra 128GB Titanium Black,756627994513451,eBay Wholesale,847,SOLD,OnBuy,993,2024-04-23
2024-01-14,Galaxy S24+ 256GB Titanium Black,617060802887289,Backmarket Direct,1035,AVAILABLE,,,
2024-03-21,iPhone 15 Pro 512GB Gold,626831306539006,Backmarket Direct,1104,AVAILABLE,,,
2024-02-13,Galaxy S24+ 1TB Phantom Black,266354077605307,eBay Wholesale,650,AVAILABLE,,,
2024-04-26,Galaxy S22 Ultra 128GB Titanium Violet,722920718729626,Local Trade-in,512,SOLD,Amazon,591,2024-04-24
2024-01-25,iPhone 15 128GB Midnight,780155953181671,Amazon UK,781,AVAILABLE,,,
2024-01-27,iPhone 14 Pro Max 512GB Black Titanium,392288626158585,Amazon UK,499,SOLD,Backmarket,632,2024-04-29
2024-04-21,iPhone 14 512GB Natural Titanium,074707763727935,Lazada Bulk,649,SOLD,Direct,762,2024-04-29
2024-02-13,iPhone 14 Pro Max 1TB Midnight,523975951037117,Local Trade-in,847,AVAILABLE,,,
2024-01-28,Galaxy S24 128GB Green,435134915211868,Local Trade-in,880,AVAILABLE,,,
2024-03-10,Galaxy S22 Ultra 512GB Green,038873417138630,Backmarket Direct,1078,SOLD,Amazon,1180,2024-04-24
2024-02-18,iPhone 15 Pro Max 256GB Natural Titanium,051230090546116,Lazada Bulk,957,SOLD,Backmarket,1013,2024-04-24
2024-01-19,iPhone 15 Pro Max 128GB Black Titanium,959389127351171,Lazada Bulk,556,SOLD,Backmarket,742,2024-04-27
2024-01-18,Galaxy S22 Ultra 512GB Cream,049284755621041,Amazon UK,435,SOLD,Direct,552,2024-04-20
2024-02-16,iPhone 13 256GB Black Titanium,979920613988368,Local Trade-in,1104,AVAILABLE,,,
2024-01-17,iPhone 15 Pro Max 128GB Black Titanium,025406468290168,Local Trade-in,588,SOLD,eBay,777,2024-04-29
2024-01-27,iPhone 13 128GB Silver,025050580165203,Amazon UK,1011,SOLD,Amazon,1100,2024-04-27
2024-02-22,Galaxy S23 128GB Cream,476255786380618,Amazon UK,723,AVAILABLE,,,
2024-01-11,iPhone 15 Pro 1TB Blue Titanium,416935078175944,eBay Wholesale,1030,SOLD,OnBuy,1097,2024-04-20
2024-03-24,Galaxy S24 128GB Green,705448130269726,Backmarket Direct,974,SOLD,OnBuy,1106,2024-04-26
2024-04-24,iPhone 15 128GB Black Titanium,293380085014833,Lazada Bulk,420,AVAILABLE,,,
2024-04-24,Galaxy S24+ 512GB Lavender,458826151162236,eBay Wholesale,406,SOLD,Amazon,462,2024-04-20
2024-04-12,Galaxy S24 Ultra 128GB Green,689519944707183,Lazada Bulk,1088,AVAILABLE,,,
2024-04-15,iPhone 14 512GB Natural Titanium,945689279980024,Backmarket Direct,1081,SOLD,eBay,1139,2024-04-27
2024-04-12,iPhone 15 Pro Max 128GB Gold,654155622603395,Amazon UK,660,SOLD,Amazon,763,2024-04-24
2024-03-27,iPhone 15 Pro Max 1TB Starlight,046931252988598,Amazon UK,1199,SOLD,Direct,1332,2024-04-28
2024-02-21,iPhone 15 1TB Black Titanium,072898345275952,Lazada Bulk,983,SOLD,eBay,1119,2024-04-30
2024-01-24,iPhone 14 Pro Max 128GB White Titanium,152371942390731,Backmarket Direct,957,AVAILABLE,,,
2024-02-13,Galaxy S23 512GB Cream,357551794902860,Lazada Bulk,639,SOLD,OnBuy,689,2024-04-23
2024-03-25,Galaxy S22 Ultra 1TB Lavender,784184868141993,Backmarket Direct,1102,SOLD,OnBuy,1275,2024-04-25
2024-03-19,iPhone 13 1TB Natural Titanium,469478503295045,Local Trade-in,958,AVAILABLE,,,
2024-03-16,Galaxy S22 Ultra 1TB Lavender,235172447316284,Backmarket Direct,1189,SOLD,Amazon,1351,2024-04-29
2024-04-12,iPhone 15 Pro 256GB Natural Titanium,493438509472617,Local Trade-in,830,AVAILABLE,,,
2024-03-25,iPhone 15 Pro 1TB Silver,344598651094977,eBay Wholesale,823,AVAILABLE,,,
2024-03-15,Galaxy S23 256GB Titanium Black,709957809230456,eBay Wholesale,991,AVAILABLE,,,
2024-02-12,Galaxy S23 1TB Titanium Violet,720780422647492,Local Trade-in,1145,SOLD,OnBuy,1208,2024-04-25
2024-02-28,iPhone 13 512GB Black Titanium,184720401146307,Amazon UK,501,SOLD,Amazon,697,2024-04-22
2024-04-19,Galaxy S23 128GB Titanium Black,902459856225404,Local Trade-in,763,AVAILABLE,,,
2024-04-23,Galaxy S23 128GB Cream,462718194888774,eBay Wholesale,869,SOLD,Backmarket,953,2024-04-27
2024-02-13,iPhone 13 256GB Silver,571181758663761,Backmarket Direct,1081,AVAILABLE,,,
2024-02-14,iPhone 14 512GB Starlight,383116607381124,Local Trade-in,954,AVAILABLE,,,
2024-02-18,iPhone 15 Pro 512GB Black Titanium,447796915721905,eBay Wholesale,710,SOLD,Backmarket,850,2024-04-24
2024-02-11,iPhone 15 Pro 1TB Blue Titanium,726173816083814,Backmarket Direct,1146,SOLD,Amazon,1221,2024-04-23
2024-04-24,Galaxy S23 256GB Titanium Violet,355534819982350,Backmarket Direct,615,SOLD,eBay,676,2024-04-26
2024-04-24,Galaxy S24+ 1TB Phantom Black,016695401698170,eBay Wholesale,874,SOLD,eBay,1028,2024-04-21
2024-03-20,Galaxy S24 Ultra 128GB Lavender,213368583834620,Lazada Bulk,862,SOLD,Direct,1000,2024-04-28
2024-03-24,iPhone 13 256GB Midnight,734356196029708,Backmarket Direct,749,SOLD,Backmarket,881,2024-04-20
2024-02-14,Galaxy S24 128GB Phantom Black,633908755995574,Local Trade-in,1003,SOLD,OnBuy,1058,2024-04-30
2024-01-12,iPhone 15 Pro Max 256GB Midnight,775543520226345,Amazon UK,800,AVAILABLE,,,
2024-02-24,Galaxy S24 Ultra 512GB Cream,455064174865850,Amazon UK,1168,SOLD,Direct,1299,2024-04-24
2024-04-17,iPhone 13 128GB Midnight,565820516505795,Lazada Bulk,1086,SOLD,Amazon,1262,2024-04-26
2024-04-16,iPhone 14 Pro Max 256GB Natural Titanium,742231954857176,Lazada Bulk,621,SOLD,OnBuy,716,2024-04-21
2024-01-13,iPhone 14 256GB Natural Titanium,178343892703441,eBay Wholesale,1112,SOLD,Backmarket,1187,2024-04-20
2024-03-21,iPhone 15 Pro 512GB Silver,870175244324669,Backmarket Direct,574,AVAILABLE,,,
2024-04-27,Galaxy S24 128GB Cream,853559742571960,eBay Wholesale,1145,SOLD,OnBuy,1207,2024-04-26
2024-01-12,iPhone 15 Pro Max 256GB Natural Titanium,763962735394595,Lazada Bulk,1029,SOLD,OnBuy,1227,2024-04-22
2024-03-22,iPhone 13 128GB Blue Titanium,941676584929528,Lazada Bulk,811,AVAILABLE,,,
2024-02-27,Galaxy S24 Ultra 256GB Titanium Black,182330991924374,Lazada Bulk,1145,SOLD,eBay,1268,2024-04-20
2024-01-11,iPhone 15 Pro Max 1TB Blue Titanium,668080512117378,Backmarket Direct,631,SOLD,Direct,798,2024-04-26
2024-01-11,Galaxy S24 1TB Cream,901848827505954,Local Trade-in,1038,SOLD,eBay,1128,2024-04-20
2024-02-21,iPhone 15 512GB White Titanium,197613582799358,Local Trade-in,1027,SOLD,Direct,1103,2024-04-24
2024-02-14,iPhone 14 512GB Space Grey,891447412739435,Local Trade-in,635,SOLD,Direct,790,2024-04-27
2024-03-12,iPhone 14 Pro Max 256GB Gold,191009446477647,Local Trade-in,672,AVAILABLE,,,
2024-04-18,iPhone 14 Pro Max 256GB Blue Titanium,150115188481177,Lazada Bulk,846,AVAILABLE,,,
2024-03-18,Galaxy S22 Ultra 512GB Titanium Gray,542685662022755,Local Trade-in,834,SOLD,Backmarket,921,2024-04-25
2024-02-14,Galaxy S24+ 1TB Cream,657880875033662,Lazada Bulk,1121,SOLD,eBay,1225,2024-04-25
2024-03-11,Galaxy S24 512GB Titanium Violet,763923257832852,Amazon UK,1118,AVAILABLE,,,
2024-03-21,iPhone 13 256GB Black Titanium,386401012502742,Lazada Bulk,952,SOLD,eBay,1009,2024-04-27
2024-02-23,Galaxy S22 Ultra 128GB Cream,513261525543056,Lazada Bulk,534,AVAILABLE,,,
2024-04-19,Galaxy S23 Ultra 512GB Titanium Black,946518918194056,Amazon UK,431,SOLD,Backmarket,492,2024-04-29
2024-01-27,iPhone 13 128GB White Titanium,091867079915612,Amazon UK,1147,AVAILABLE,,,
2024-03-12,iPhone 15 512GB Starlight,516224030155445,Amazon UK,1128,AVAILABLE,,,
2024-01-20,Galaxy S22 Ultra 512GB Titanium Violet,376802683136839,Local Trade-in,1040,AVAILABLE,,,
2024-01-10,iPhone 15 256GB Silver,303535309545085,Amazon UK,406,SOLD,eBay,598,2024-04-30
2024-04-12,iPhone 15 128GB White Titanium,586669531374391,Amazon UK,864,AVAILABLE,,,
2024-01-27,iPhone 13 256GB Starlight,499785371376959,Local Trade-in,835,SOLD,Direct,963,2024-04-23
2024-01-23,Galaxy S24 Ultra 512GB Titanium Violet,009915550669975,Local Trade-in,1079,SOLD,eBay,1201,2024-04-25
2024-03-19,Galaxy S23 Ultra 256GB Phantom Black,433910556685012,Local Trade-in,474,AVAILABLE,,,
2024-04-12,iPhone 15 128GB Midnight,633961358475237,Local Trade-in,808,AVAILABLE,,,
2024-03-12,Galaxy S23 Ultra 1TB Titanium Black,115874882671103,Lazada Bulk,893,AVAILABLE,,,
2024-04-16,iPhone 14 512GB White Titanium,428527922521319,eBay Wholesale,1102,AVAILABLE,,,
2024-02-17,Galaxy S23 Ultra 1TB Cream,258767232109037,Lazada Bulk,1174,SOLD,eBay,1373,2024-04-23
2024-04-13,Galaxy S24 256GB Lavender,813824016181979,Local Trade-in,909,AVAILABLE,,,
2024-01-10,Galaxy S22 Ultra 1TB Lavender,074605995505530,Backmarket Direct,773,AVAILABLE,,,
2024-03-13,Galaxy S23 128GB Phantom Black,533895499710016,Amazon UK,1176,AVAILABLE,,,
2024-03-27,Galaxy S23 256GB Titanium Gray,535455234239330,Backmarket Direct,880,AVAILABLE,,,
2024-03-10,Galaxy S24+ 128GB Titanium Violet,956212708689341,Lazada Bulk,772,AVAILABLE,,,
2024-01-13,iPhone 14 Pro Max 256GB Silver,457027552367459,Lazada Bulk,457,SOLD,OnBuy,562,2024-04-26
2024-04-24,iPhone 15 256GB Blue Titanium,176676628656667,eBay Wholesale,832,AVAILABLE,,,
2024-03-15,iPhone 15 Pro Max 512GB Gold,762224891847156,Local Trade-in,492,AVAILABLE,,,
2024-02-14,Galaxy S24 512GB Titanium Violet,809882410387501,Local Trade-in,1167,AVAILABLE,,,
2024-03-28,iPhone 15 Pro 512GB Black Titanium,432084278113229,Lazada Bulk,1168,SOLD,Direct,1315,2024-04-20
2024-02-28,iPhone 14 1TB Silver,794737108173965,eBay Wholesale,655,AVAILABLE,,,
2024-04-23,Galaxy S23 Ultra 1TB Titanium Gray,017940493762516,Local Trade-in,937,AVAILABLE,,,
2024-01-16,Galaxy S24 Ultra 1TB Phantom Black,455817966848921,Backmarket Direct,745,SOLD,eBay,855,2024-04-20
2024-02-26,iPhone 15 Pro 512GB Gold,214316056281659,eBay Wholesale,531,SOLD,eBay,688,2024-04-20
2024-04-17,iPhone 15 Pro Max 512GB Midnight,389885582460871,eBay Wholesale,644,AVAILABLE,,,
2024-03-10,iPhone 15 Pro 1TB Black Titanium,069194484611192,eBay Wholesale,729,SOLD,Amazon,875,2024-04-24
2024-04-21,Galaxy S24+ 512GB Titanium Black,237240641716214,eBay Wholesale,810,AVAILABLE,,,
2024-04-18,iPhone 15 Pro 512GB Starlight,547894638688087,Amazon UK,642,SOLD,Backmarket,727,2024-04-24
2024-01-13,iPhone 15 Pro Max 1TB Gold,212922986956043,eBay Wholesale,938,AVAILABLE,,,
2024-01-13,iPhone 14 Pro Max 1TB Natural Titanium,949099593547850,Local Trade-in,486,SOLD,OnBuy,591,2024-04-22
2024-03-21,iPhone 14 Pro Max 512GB Midnight,120222639140066,Local Trade-in,1173,SOLD,eBay,1367,2024-04-28
2024-02-14,Galaxy S23 Ultra 512GB Green,711820086163617,eBay Wholesale,1072,AVAILABLE,,,
2024-03-19,iPhone 14 128GB Blue Titanium,482008465463537,Amazon UK,1121,SOLD,Amazon,1284,2024-04-29
2024-04-15,Galaxy S24+ 128GB Titanium Gray,957323508400981,eBay Wholesale,1169,SOLD,OnBuy,1222,2024-04-20
2024-01-16,Galaxy S24 1TB Lavender,329346099144945,Lazada Bulk,481,SOLD,OnBuy,678,2024-04-22
2024-02-20,iPhone 15 Pro 1TB Natural Titanium,651811738122549,Local Trade-in,732,AVAILABLE,,,
2024-03-21,iPhone 14 1TB Blue Titanium,542797636859851,Lazada Bulk,802,SOLD,eBay,937,2024-04-26
2024-02-20,iPhone 15 Pro 128GB Midnight,041172361473834,eBay Wholesale,1116,AVAILABLE,,,
2024-01-25,Galaxy S24+ 512GB Titanium Black,057457068781022,Lazada Bulk,630,AVAILABLE,,,
2024-02-19,Galaxy S24 256GB Titanium Violet,128131136913161,Backmarket Direct,764,AVAILABLE,,,
2024-02-23,Galaxy S24 1TB Green,411862636534527,Amazon UK,1138,SOLD,OnBuy,1278,2024-04-28
2024-04-10,Galaxy S24 Ultra 256GB Green,126498856733922,eBay Wholesale,463,SOLD,eBay,584,2024-04-21
2024-04-27,iPhone 15 128GB Midnight,034014401809322,eBay Wholesale,666,AVAILABLE,,,
2024-04-21,Galaxy S22 Ultra 128GB Titanium Black,314961122144917,Amazon UK,979,AVAILABLE,,,
2024-02-26,Galaxy S24 512GB Titanium Black,887472316786078,Amazon UK,708,SOLD,Amazon,882,2024-04-29
2024-01-19,iPhone 14 Pro Max 512GB Space Grey,668419504879636,Lazada Bulk,765,AVAILABLE,,,
2024-01-17,Galaxy S24 Ultra 256GB Titanium Black,707194633821500,Lazada Bulk,1050,SOLD,OnBuy,1102,2024-04-30
2024-03-13,Galaxy S24+ 512GB Cream,830849306342022,eBay Wholesale,902,AVAILABLE,,,
2024-04-15,Galaxy S24 Ultra 1TB Titanium Gray,333673387021057,Lazada Bulk,437,AVAILABLE,,,
2024-01-27,iPhone 13 256GB Gold,706909416450233,eBay Wholesale,480,SOLD,Backmarket,541,2024-04-28
2024-02-22,Galaxy S23 Ultra 512GB Phantom Black,765306657421557,Local Trade-in,825,SOLD,eBay,1025,2024-04-21
2024-03-13,Galaxy S23 512GB Green,236558121361543,Lazada Bulk,1180,AVAILABLE,,,
2024-03-27,iPhone 14 Pro Max 256GB Natural Titanium,716219059651317,eBay Wholesale,676,AVAILABLE,,,
2024-01-25,iPhone 14 Pro Max 512GB Blue Titanium,981494406143910,Local Trade-in,462,AVAILABLE,,,
2024-01-12,Galaxy S22 Ultra 256GB Green,721777260060311,Backmarket Direct,575,SOLD,Direct,694,2024-04-28
2024-03-14,Galaxy S23 Ultra 1TB Green,445717104741775,Amazon UK,725,SOLD,eBay,902,2024-04-22
2024-02-14,Galaxy S24+ 128GB Titanium Violet,249880910181505,Backmarket Direct,1105,SOLD,Direct,1229,2024-04-26
2024-04-28,iPhone 13 128GB Blue Titanium,510274628159922,Amazon UK,438,SOLD,Direct,619,2024-04-21
2024-03-15,iPhone 15 Pro Max 1TB Blue Titanium,013308640787333,Local Trade-in,1006,AVAILABLE,,,
2024-01-12,Galaxy S24 Ultra 1TB Cream,793312015338300,eBay Wholesale,685,SOLD,Backmarket,742,2024-04-29
2024-02-27,Galaxy S24 512GB Phantom Black,625087291074495,Lazada Bulk,852,SOLD,Direct,962,2024-04-28
2024-01-12,iPhone 13 256GB Natural Titanium,106351693899080,Backmarket Direct,476,AVAILABLE,,,
2024-02-14,Galaxy S23 512GB Titanium Violet,972539936685308,eBay Wholesale,599,AVAILABLE,,,
2024-04-21,iPhone 15 Pro 128GB Silver,579316099065838,Backmarket Direct,562,SOLD,Amazon,696,2024-04-23
2024-04-11,iPhone 15 256GB Space Grey,445644631710988,Amazon UK,655,SOLD,OnBuy,729,2024-04-21
2024-01-26,Galaxy S24 Ultra 1TB Titanium Gray,987474793719292,eBay Wholesale,743,SOLD,Direct,879,2024-04-21
2024-04-11,Galaxy S24+ 512GB Lavender,412633369749115,Lazada Bulk,673,AVAILABLE,,,
2024-04-28,iPhone 15 Pro 128GB Silver,569827705997694,eBay Wholesale,1060,AVAILABLE,,,
2024-02-17,Galaxy S24 128GB Cream,456310957715132,eBay Wholesale,1028,AVAILABLE,,,
2024-02-18,Galaxy S23 Ultra 256GB Titanium Gray,229904349814139,eBay Wholesale,724,SOLD,Backmarket,824,2024-04-22
2024-03-25,iPhone 15 Pro Max 256GB Space Grey,522275185848662,Backmarket Direct,1130,AVAILABLE,,,
2024-04-12,Galaxy S24+ 256GB Green,124670245194947,Local Trade-in,563,AVAILABLE,,,
2024-02-16,iPhone 15 Pro Max 512GB Silver,112820884569410,Local Trade-in,427,SOLD,Backmarket,623,2024-04-28
2024-02-28,iPhone 15 Pro 256GB Blue Titanium,628099257172067,eBay Wholesale,550,SOLD,eBay,619,2024-04-23
2024-01-17,Galaxy S24 Ultra 128GB Phantom Black,008226663859386,Backmarket Direct,1155,AVAILABLE,,,
2024-01-25,iPhone 15 Pro Max 1TB White Titanium,754218495629380,Local Trade-in,1012,SOLD,Amazon,1153,2024-04-20
2024-03-13,iPhone 13 256GB Silver,101559723208871,eBay Wholesale,1114,SOLD,Backmarket,1227,2024-04-22
2024-01-27,iPhone 15 512GB Midnight,547140675541505,eBay Wholesale,535,AVAILABLE,,,
2024-02-23,Galaxy S23 1TB Lavender,192204423312912,Amazon UK,1004,AVAILABLE,,,
2024-04-10,Galaxy S24+ 1TB Titanium Violet,439573424582164,Local Trade-in,646,AVAILABLE,,,
2024-04-23,Galaxy S22 Ultra 256GB Titanium Gray,791589479245283,Backmarket Direct,571,SOLD,eBay,671,2024-04-25
2024-02-28,Galaxy S22 Ultra 512GB Phantom Black,327424607628624,Amazon UK,1049,AVAILABLE,,,
2024-02-24,Galaxy S23 Ultra 1TB Lavender,789031340507363,eBay Wholesale,518,SOLD,eBay,620,2024-04-29
2024-04-19,Galaxy S23 Ultra 1TB Titanium Violet,584760929770271,Local Trade-in,490,SOLD,Backmarket,665,2024-04-29
2024-01-18,Galaxy S23 Ultra 1TB Cream,103747507276663,Local Trade-in,674,AVAILABLE,,,
2024-01-26,Galaxy S23 1TB Titanium Violet,280226398328992,Local Trade-in,1081,AVAILABLE,,,
2024-03-18,Galaxy S24+ 512GB Green,148160874442521,Local Trade-in,1172,SOLD,Backmarket,1225,2024-04-27
2024-04-11,iPhone 15 Pro 256GB Silver,436699650262734,Lazada Bulk,474,SOLD,eBay,606,2024-04-26
2024-03-20,iPhone 14 512GB Midnight,494922699823551,Backmarket Direct,585,SOLD,eBay,706,2024-04-27
2024-03-25,iPhone 15 Pro 512GB Space Grey,274224459140142,Amazon UK,565,AVAILABLE,,,
2024-02-23,iPhone 14 Pro Max 1TB Midnight,639208593169979,Backmarket Direct,743,SOLD,Backmarket,867,2024-04-30
2024-03-10,Galaxy S24 Ultra 512GB Cream,305421860176439,Local Trade-in,527,AVAILABLE,,,
2024-02-27,iPhone 14 Pro Max 128GB Silver,470440031854406,Backmarket Direct,685,AVAILABLE,,,
2024-04-25,Galaxy S24+ 1TB Titanium Gray,173765179109821,Local Trade-in,664,AVAILABLE,,,
2024-04-15,Galaxy S24+ 1TB Titanium Gray,905316576674845,eBay Wholesale,619,SOLD,Backmarket,770,2024-04-24
2024-01-11,iPhone 13 128GB Black Titanium,772200219179837,Backmarket Direct,706,SOLD,Direct,823,2024-04-25
2024-02-25,Galaxy S23 Ultra 1TB Lavender,250801877260347,Lazada Bulk,518,AVAILABLE,,,
2024-03-16,iPhone 13 1TB White Titanium,478758999441527,Backmarket Direct,695,AVAILABLE,,,
2024-01-28,iPhone 15 Pro Max 512GB Silver,752534469192363,Local Trade-in,697,AVAILABLE,,,
2024-04-15,iPhone 15 512GB Starlight,883524451582464,Backmarket Direct,756,SOLD,eBay,845,2024-04-24
2024-01-14,Galaxy S24 Ultra 256GB Cream,566575556418138,Lazada Bulk,933,SOLD,Amazon,1127,2024-04-22
2024-02-24,iPhone 15 Pro Max 1TB Space Grey,111505937737328,Amazon UK,1126,SOLD,eBay,1286,2024-04-21
2024-02-17,Galaxy S24 Ultra 256GB Titanium Black,032808263281579,Lazada Bulk,1020,AVAILABLE,,,
2024-01-12,Galaxy S24+ 128GB Phantom Black,606217773433870,Amazon UK,569,SOLD,eBay,724,2024-04-28
2024-04-24,Galaxy S23 Ultra 128GB Titanium Black,717739271558530,eBay Wholesale,430,SOLD,OnBuy,506,2024-04-25
2024-03-20,iPhone 14 Pro Max 512GB Silver,591531454770722,Local Trade-in,640,SOLD,Backmarket,698,2024-04-26
2024-04-10,Galaxy S24+ 512GB Cream,603732106523251,Amazon UK,741,SOLD,Amazon,919,2024-04-20
2024-03-16,Galaxy S24+ 128GB Lavender,839361609123807,Amazon UK,904,AVAILABLE,,,
2024-03-10,Galaxy S22 Ultra 256GB Phantom Black,229426609912271,Amazon UK,631,AVAILABLE,,,
2024-01-28,Galaxy S24 512GB Titanium Violet,343678256738807,Backmarket Direct,896,SOLD,Amazon,1019,2024-04-22
2024-02-28,iPhone 14 256GB Black Titanium,822743059431370,Amazon UK,1056,SOLD,eBay,1241,2024-04-28
2024-02-11,iPhone 15 256GB Gold,725976953103567,Amazon UK,923,SOLD,OnBuy,1043,2024-04-22
2024-01-26,Galaxy S24 Ultra 1TB Cream,005737155083775,Backmarket Direct,689,SOLD,Backmarket,802,2024-04-23
2024-02-16,Galaxy S24+ 256GB Titanium Gray,198843541200900,eBay Wholesale,682,AVAILABLE,,,
2024-02-24,iPhone 14 128GB Natural Titanium,623070640493510,Lazada Bulk,401,SOLD,Direct,540,2024-04-30
2024-01-15,iPhone 15 Pro Max 256GB Blue Titanium,240168565141650,eBay Wholesale,1103,AVAILABLE,,,
2024-01-27,Galaxy S23 1TB Titanium Violet,775098692233661,Lazada Bulk,1088,AVAILABLE,,,
2024-03-17,iPhone 14 256GB Natural Titanium,955468667342156,Backmarket Direct,408,SOLD,Backmarket,566,2024-04-20
2024-02-14,Galaxy S22 Ultra 128GB Green,821009703347074,Backmarket Direct,1143,SOLD,Direct,1248,2024-04-24
2024-03-10,Galaxy S23 1TB Titanium Violet,202581756750644,Amazon UK,1145,AVAILABLE,,,
2024-03-16,iPhone 14 512GB Black Titanium,884527349720632,eBay Wholesale,985,AVAILABLE,,,
2024-02-18,iPhone 15 1TB Black Titanium,244744805308705,Local Trade-in,880,AVAILABLE,,,
2024-03-12,Galaxy S24 Ultra 128GB Titanium Gray,182349072115108,Local Trade-in,833,AVAILABLE,,,
2024-02-10,Galaxy S22 Ultra 128GB Green,384096590564122,Local Trade-in,594,AVAILABLE,,,
2024-04-19,iPhone 15 128GB Gold,825383773106711,eBay Wholesale,429,AVAILABLE,,,
2024-04-21,Galaxy S24 Ultra 512GB Lavender,450095648721549,eBay Wholesale,530,AVAILABLE,,,
2024-02-10,iPhone 15 256GB Natural Titanium,435468696448846,Backmarket Direct,530,SOLD,Backmarket,685,2024-04-20
2024-03-21,iPhone 13 512GB Black Titanium,514861433287252,eBay Wholesale,601,AVAILABLE,,,
2024-02-20,iPhone 13 512GB Space Grey,561087066116422,Backmarket Direct,905,SOLD,Backmarket,1082,2024-04-24
2024-04-19,Galaxy S24+ 512GB Cream,603108755537907,Amazon UK,988,AVAILABLE,,,
2024-01-27,iPhone 14 128GB Silver,752329175530180,Lazada Bulk,435,AVAILABLE,,,
2024-03-23,Galaxy S24 128GB Cream,968229078538481,Amazon UK,1179,SOLD,OnBuy,1358,2024-04-23
2024-01-24,iPhone 14 512GB Space Grey,979416535422062,Lazada Bulk,1192,SOLD,Backmarket,1377,2024-04-20
2024-01-17,Galaxy S24 Ultra 256GB Titanium Violet,543404535255369,eBay Wholesale,475,SOLD,Direct,611,2024-04-20
2024-04-20,iPhone 14 512GB Black Titanium,908801821243297,Backmarket Direct,424,SOLD,OnBuy,605,2024-04-28
2024-04-12,Galaxy S23 128GB Cream,782285149828187,Amazon UK,606,AVAILABLE,,,
2024-03-15,iPhone 14 512GB Silver,303701616836894,Amazon UK,648,AVAILABLE,,,
2024-02-24,Galaxy S22 Ultra 512GB Phantom Black,950062854683618,eBay Wholesale,526,AVAILABLE,,,
2024-01-15,Galaxy S23 Ultra 128GB Cream,282853442717007,Amazon UK,984,AVAILABLE,,,
2024-03-17,iPhone 13 128GB Starlight,121187603161368,Backmarket Direct,895,AVAILABLE,,,
2024-03-21,iPhone 14 128GB Silver,074978332121708,Backmarket Direct,1013,SOLD,Amazon,1116,2024-04-29
2024-01-24,Galaxy S24 128GB Lavender,584909697234200,Local Trade-in,533,SOLD,OnBuy,691,2024-04-30
2024-02-15,iPhone 14 1TB Natural Titanium,295300526603605,Lazada Bulk,1071,AVAILABLE,,,
2024-04-16,iPhone 15 Pro 1TB Black Titanium,788096667693593,Local Trade-in,807,SOLD,Backmarket,884,2024-04-24
2024-04-23,Galaxy S23 512GB Cream,858900221587339,Backmarket Direct,731,SOLD,Amazon,858,2024-04-25
2024-03-28,Galaxy S23 Ultra 128GB Cream,569740025925184,Lazada Bulk,694,AVAILABLE,,,
2024-03-15,Galaxy S22 Ultra 256GB Titanium Violet,261738274042483,Backmarket Direct,985,AVAILABLE,,,
2024-01-18,Galaxy S23 Ultra 256GB Green,016403016020124,eBay Wholesale,723,SOLD,Amazon,908,2024-04-20
2024-01-11,iPhone 14 Pro Max 256GB Gold,205811925581955,Local Trade-in,799,SOLD,Direct,854,2024-04-25
2024-02-18,iPhone 14 Pro Max 512GB Midnight,249882001882032,Amazon UK,1120,SOLD,Amazon,1223,2024-04-26
2024-03-22,Galaxy S24 Ultra 256GB Titanium Violet,120010297633879,Backmarket Direct,919,SOLD,eBay,1101,2024-04-29
2024-01-21,iPhone 14 Pro Max 1TB Midnight,194802600343852,Local Trade-in,691,SOLD,Direct,833,2024-04-23
2024-04-11,iPhone 15 1TB White Titanium,074040969072034,Backmarket Direct,1199,AVAILABLE,,,
2024-03-17,Galaxy S24 Ultra 128GB Lavender,256364026943448,Amazon UK,997,AVAILABLE,,,
2024-01-18,Galaxy S23 512GB Titanium Gray,418550361963875,Amazon UK,773,SOLD,Backmarket,967,2024-04-28
2024-03-25,Galaxy S23 Ultra 256GB Green,785074258522800,Lazada Bulk,619,AVAILABLE,,,
2024-04-27,Galaxy S24 512GB Green,979527371606216,Backmarket Direct,475,AVAILABLE,,,
2024-01-12,iPhone 13 1TB Silver,043124853435370,Lazada Bulk,801,AVAILABLE,,,
2024-03-16,Galaxy S23 Ultra 128GB Titanium Gray,949077029651363,Backmarket Direct,1150,AVAILABLE,,,
2024-04-27,iPhone 15 512GB Gold,201766397885433,Amazon UK,996,SOLD,Amazon,1149,2024-04-24
2024-03-14,Galaxy S22 Ultra 128GB Cream,291878189442325,Amazon UK,826,SOLD,Backmarket,890,2024-04-28
2024-03-21,iPhone 13 1TB Starlight,136656178206586,Amazon UK,405,AVAILABLE,,,
2024-03-20,Galaxy S24 Ultra 512GB Green,208293756260660,Backmarket Direct,449,AVAILABLE,,,
2024-04-20,Galaxy S23 Ultra 256GB Lavender,582771056291659,Amazon UK,466,AVAILABLE,,,
2024-01-17,iPhone 14 Pro Max 512GB Starlight,150434937819060,Lazada Bulk,512,SOLD,Direct,665,2024-04-23
2024-03-20,Galaxy S24+ 128GB Lavender,116674720434247,Lazada Bulk,1002,AVAILABLE,,,
2024-02-12,iPhone 15 512GB Gold,862182077403467,eBay Wholesale,689,SOLD,eBay,791,2024-04-27
2024-02-18,Galaxy S22 Ultra 512GB Titanium Violet,530185722993737,eBay Wholesale,724,SOLD,Amazon,920,2024-04-28
2024-04-13,iPhone 15 Pro 512GB Midnight,079088547246700,Amazon UK,537,AVAILABLE,,,
2024-02-18,iPhone 15 128GB Blue Titanium,434371211957419,eBay Wholesale,699,AVAILABLE,,,
2024-04-20,iPhone 15 Pro Max 512GB Space Grey,279621134898289,eBay Wholesale,1173,SOLD,eBay,1284,2024-04-25
2024-02-14,Galaxy S24 1TB Titanium Gray,511072953699331,Local Trade-in,430,AVAILABLE,,,
2024-01-22,Galaxy S24 1TB Green,763064456307437,eBay Wholesale,608,SOLD,Amazon,802,2024-04-30
2024-02-27,Galaxy S22 Ultra 256GB Titanium Gray,303654843758148,Backmarket Direct,1187,AVAILABLE,,,
2024-04-24,Galaxy S24 Ultra 512GB Cream,934894819021585,Local Trade-in,753,SOLD,Amazon,918,2024-04-28
2024-01-24,Galaxy S23 512GB Titanium Gray,726662887712670,Amazon UK,689,SOLD,Backmarket,867,2024-04-21
2024-04-27,Galaxy S23 1TB Phantom Black,143752027506275,Backmarket Direct,526,SOLD,Backmarket,604,2024-04-26
2024-04-23,Galaxy S23 Ultra 128GB Cream,236660440948774,eBay Wholesale,619,AVAILABLE,,,
2024-02-16,iPhone 15 Pro 512GB Silver,546174203596109,Amazon UK,1076,AVAILABLE,,,
2024-03-14,iPhone 14 Pro Max 512GB Gold,527236373089293,Local Trade-in,787,SOLD,eBay,970,2024-04-27
2024-03-10,Galaxy S24 128GB Cream,965398881468974,Local Trade-in,732,SOLD,Direct,884,2024-04-26
2024-04-24,Galaxy S23 Ultra 1TB Titanium Gray,932279981695878,eBay Wholesale,598,AVAILABLE,,,
2024-02-27,iPhone 15 Pro Max 256GB Starlight,814275993074782,Lazada Bulk,409,AVAILABLE,,,
2024-03-13,Galaxy S24 Ultra 256GB Titanium Violet,822645147689761,Backmarket Direct,604,SOLD,Backmarket,803,2024-04-28
2024-02-27,Galaxy S24 Ultra 256GB Green,065981046172006,Backmarket Direct,953,AVAILABLE,,,
2024-02-27,Galaxy S24 Ultra 256GB Titanium Violet,380760855930626,Amazon UK,637,SOLD,Backmarket,757,2024-04-27
2024-02-28,Galaxy S24+ 256GB Titanium Black,376765800113054,eBay Wholesale,1065,SOLD,Backmarket,1147,2024-04-28
2024-03-25,iPhone 13 256GB Starlight,595451854871601,Amazon UK,1070,AVAILABLE,,,
2024-02-17,iPhone 14 Pro Max 128GB Silver,913947823288290,Local Trade-in,906,AVAILABLE,,,
2024-04-13,Galaxy S24 Ultra 512GB Cream,745336699730513,eBay Wholesale,823,AVAILABLE,,,
2024-01-25,iPhone 13 1TB Blue Titanium,868993238161218,Local Trade-in,720,SOLD,Amazon,802,2024-04-29
2024-03-18,iPhone 15 Pro Max 128GB Silver,550078326901688,Backmarket Direct,635,AVAILABLE,,,
2024-03-23,iPhone 15 Pro Max 256GB Natural Titanium,975544654004530,eBay Wholesale,917,AVAILABLE,,,
2024-02-10,Galaxy S23 1TB Titanium Black,721504388789931,eBay Wholesale,1026,AVAILABLE,,,
2024-04-26,iPhone 15 256GB Natural Titanium,441422685096992,Backmarket Direct,835,AVAILABLE,,,
2024-02-12,iPhone 15 512GB Blue Titanium,406892126325706,eBay Wholesale,673,AVAILABLE,,,
2024-03-15,Galaxy S22 Ultra 256GB Titanium Violet,198746094217137,Backmarket Direct,525,SOLD,OnBuy,587,2024-04-27
2024-04-20,iPhone 14 1TB Natural Titanium,489824703414019,eBay Wholesale,967,AVAILABLE,,,
2024-03-16,Galaxy S24+ 128GB Green,338975486072580,Backmarket Direct,1194,SOLD,Amazon,1365,2024-04-25
2024-01-27,Galaxy S24 256GB Titanium Black,963122195888512,Backmarket Direct,1183,SOLD,Amazon,1247,2024-04-29
2024-01-14,iPhone 14 Pro Max 128GB Starlight,814891122343785,Amazon UK,836,AVAILABLE,,,
2024-02-16,Galaxy S23 Ultra 256GB Green,659524092318767,Local Trade-in,511,AVAILABLE,,,
2024-04-27,Galaxy S23 Ultra 128GB Titanium Violet,767527666732291,eBay Wholesale,1060,AVAILABLE,,,
2024-02-11,Galaxy S23 Ultra 256GB Phantom Black,538393120708189,eBay Wholesale,887,SOLD,Amazon,1014,2024-04-23
2024-03-27,iPhone 15 Pro 128GB Gold,225228482979650,Lazada Bulk,469,SOLD,eBay,620,2024-04-22
2024-04-21,Galaxy S23 Ultra 512GB Green,553566919228086,Lazada Bulk,717,SOLD,Amazon,864,2024-04-27
2024-01-14,iPhone 14 256GB Blue Titanium,156302765204447,Amazon UK,603,SOLD,eBay,738,2024-04-25
2024-03-11,iPhone 15 Pro Max 256GB Starlight,043516537487310,eBay Wholesale,1007,SOLD,OnBuy,1195,2024-04-23
2024-04-10,Galaxy S24 128GB Lavender,804345445895449,Backmarket Direct,988,SOLD,Direct,1122,2024-04-22
2024-01-26,iPhone 15 Pro Max 1TB Blue Titanium,474765975113165,Local Trade-in,1189,AVAILABLE,,,
2024-02-11,Galaxy S24 Ultra 128GB Cream,337068621341952,Amazon UK,780,SOLD,Direct,914,2024-04-29
2024-04-11,Galaxy S22 Ultra 1TB Cream,375425797202932,eBay Wholesale,667,SOLD,Direct,760,2024-04-21
2024-04-26,Galaxy S24 512GB Lavender,371900893598793,Backmarket Direct,797,SOLD,Amazon,961,2024-04-29
2024-02-28,iPhone 14 1TB Midnight,302230420898832,Local Trade-in,431,SOLD,eBay,506,2024-04-20
2024-03-28,iPhone 15 128GB Space Grey,712429792126341,Backmarket Direct,896,SOLD,Amazon,981,2024-04-26
2024-03-21,iPhone 14 Pro Max 512GB Starlight,614433975068271,eBay Wholesale,1009,SOLD,eBay,1120,2024-04-24
2024-02-24,iPhone 15 Pro Max 512GB Midnight,496180297531533,Local Trade-in,440,AVAILABLE,,,
2024-01-20,Galaxy S24 256GB Titanium Black,338396776401485,Lazada Bulk,474,AVAILABLE,,,
2024-04-19,iPhone 14 Pro Max 128GB Starlight,873438479652408,Amazon UK,585,SOLD,Direct,647,2024-04-23
2024-04-26,iPhone 14 Pro Max 256GB Starlight,730829943975995,Amazon UK,1068,AVAILABLE,,,
2024-04-21,iPhone 14 Pro Max 256GB Gold,256730535439206,eBay Wholesale,665,AVAILABLE,,,
2024-02-27,Galaxy S22 Ultra 256GB Cream,567438977394612,Backmarket Direct,493,SOLD,Direct,691,2024-04-27
2024-01-21,Galaxy S23 Ultra 128GB Cream,954853784332477,eBay Wholesale,968,SOLD,Direct,1073,2024-04-27
2024-04-17,iPhone 15 Pro Max 1TB White Titanium,985634054820758,eBay Wholesale,689,AVAILABLE,,,
2024-03-13,iPhone 15 Pro 1TB Space Grey,238239084949480,Backmarket Direct,993,SOLD,OnBuy,1176,2024-04-26
2024-02-25,iPhone 15 256GB Black Titanium,824305543811483,Local Trade-in,722,AVAILABLE,,,
2024-02-26,Galaxy S22 Ultra 128GB Titanium Violet,729859645387276,Lazada Bulk,628,SOLD,Direct,786,2024-04-21
2024-01-28,iPhone 14 Pro Max 512GB Natural Titanium,636182625473231,Backmarket Direct,694,AVAILABLE,,,
2024-02-17,iPhone 15 Pro Max 128GB Natural Titanium,759306938222781,Local Trade-in,448,AVAILABLE,,,
2024-04-26,Galaxy S24+ 512GB Titanium Black,687736975969625,Local Trade-in,713,SOLD,OnBuy,808,2024-04-26
2024-04-15,Galaxy S24+ 1TB Titanium Gray,341080452428051,Lazada Bulk,569,AVAILABLE,,,
2024-02-15,Galaxy S23 Ultra 512GB Phantom Black,318893114644443,Lazada Bulk,986,SOLD,OnBuy,1148,2024-04-24
2024-01-11,iPhone 15 Pro Max 1TB Blue Titanium,374241170886581,Lazada Bulk,478,AVAILABLE,,,
2024-03-17,Galaxy S23 128GB Phantom Black,257590263366149,Local Trade-in,1140,SOLD,Amazon,1251,2024-04-22
2024-02-18,iPhone 13 512GB Blue Titanium,314412433352425,eBay Wholesale,810,AVAILABLE,,,
2024-01-19,Galaxy S23 256GB Green,711556264115572,Lazada Bulk,650,SOLD,Amazon,783,2024-04-24
2024-01-14,Galaxy S22 Ultra 128GB Green,946096976256980,eBay Wholesale,618,SOLD,eBay,675,2024-04-24
2024-04-20,Galaxy S24+ 256GB Green,513384203181669,Amazon UK,1047,AVAILABLE,,,
2024-02-15,iPhone 15 Pro 256GB White Titanium,967651364653844,Amazon UK,402,AVAILABLE,,,
2024-03-12,iPhone 15 Pro 1TB Gold,305254777725723,Backmarket Direct,873,AVAILABLE,,,
2024-04-13,Galaxy S23 256GB Titanium Violet,813914320809745,Lazada Bulk,670,SOLD,Backmarket,827,2024-04-29
2024-02-25,iPhone 14 Pro Max 256GB White Titanium,151691805454030,Local Trade-in,1175,AVAILABLE,,,
2024-01-10,iPhone 15 Pro Max 1TB White Titanium,069411195451800,Local Trade-in,869,AVAILABLE,,,
2024-03-12,iPhone 13 1TB Blue Titanium,385331345182763,eBay Wholesale,1040,SOLD,Backmarket,1155,2024-04-26
2024-03-23,Galaxy S24+ 512GB Titanium Violet,459836125140973,Backmarket Direct,631,SOLD,Amazon,793,2024-04-22
2024-03-15,Galaxy S24+ 512GB Titanium Gray,618612006615219,Lazada Bulk,841,AVAILABLE,,,
2024-03-10,iPhone 15 128GB White Titanium,710857723168701,Local Trade-in,876,AVAILABLE,,,
2024-01-12,iPhone 14 256GB Blue Titanium,922239423327682,Local Trade-in,892,SOLD,Direct,1078,2024-04-23
2024-02-11,Galaxy S24+ 1TB Titanium Violet,421922559054131,Lazada Bulk,824,AVAILABLE,,,
2024-03-22,iPhone 15 128GB Natural Titanium,834710873164528,eBay Wholesale,730,AVAILABLE,,,
2024-04-15,iPhone 13 128GB Space Grey,740788294583836,Amazon UK,931,AVAILABLE,,,
2024-01-22,Galaxy S24 Ultra 512GB Cream,521407370444054,eBay Wholesale,1067,AVAILABLE,,,
2024-04-14,Galaxy S24 1TB Green,858767316142664,Lazada Bulk,926,SOLD,eBay,1014,2024-04-22
2024-04-23,Galaxy S23 1TB Titanium Gray,740840569791993,Local Trade-in,543,SOLD,Direct,695,2024-04-20
2024-04-21,Galaxy S23 Ultra 1TB Titanium Black,561088397379654,Backmarket Direct,1104,AVAILABLE,,,
2024-04-21,Galaxy S24 256GB Titanium Gray,196536052006391,eBay Wholesale,535,AVAILABLE,,,
2024-01-14,Galaxy S24 Ultra 1TB Phantom Black,945870734284361,Lazada Bulk,1190,AVAILABLE,,,
2024-02-27,iPhone 14 Pro Max 1TB Gold,514448079222279,Local Trade-in,1026,SOLD,OnBuy,1084,2024-04-22
2024-04-11,Galaxy S22 Ultra 256GB Green,955094748073598,Amazon UK,713,AVAILABLE,,,
2024-03-25,Galaxy S22 Ultra 512GB Titanium Violet,185606138275487,Lazada Bulk,592,AVAILABLE,,,
2024-01-28,iPhone 14 Pro Max 256GB Starlight,898893515625544,Amazon UK,749,AVAILABLE,,,
2024-01-18,iPhone 15 Pro 256GB Gold,473515437484659,Amazon UK,1155,AVAILABLE,,,
2024-04-26,Galaxy S23 256GB Titanium Black,170490483674111,Local Trade-in,668,AVAILABLE,,,
2024-03-11,Galaxy S24 Ultra 1TB Green,209136918764763,Amazon UK,1032,SOLD,OnBuy,1101,2024-04-20
2024-02-19,Galaxy S24+ 256GB Cream,002835662851584,Backmarket Direct,814,AVAILABLE,,,
2024-04-20,Galaxy S24 Ultra 1TB Phantom Black,951569438578263,Lazada Bulk,478,SOLD,Direct,603,2024-04-27
2024-04-21,iPhone 15 Pro 1TB Silver,012128242199405,Local Trade-in,1073,AVAILABLE,,,
2024-04-24,Galaxy S23 Ultra 512GB Cream,588751497417133,eBay Wholesale,552,AVAILABLE,,,
2024-02-26,Galaxy S23 Ultra 128GB Cream,995999616608149,eBay Wholesale,778,SOLD,Amazon,909,2024-04-25
2024-02-10,Galaxy S24 512GB Cream,895120651558751,Backmarket Direct,785,SOLD,OnBuy,968,2024-04-22
2024-02-18,iPhone 14 256GB Gold,407912443879945,Amazon UK,1088,SOLD,Amazon,1145,2024-04-24
2024-04-15,Galaxy S23 256GB Lavender,881755085746164,Backmarket Direct,894,SOLD,Direct,1035,2024-04-21
2024-04-23,iPhone 13 128GB Space Grey,160089812734527,Lazada Bulk,555,SOLD,OnBuy,721,2024-04-25
2024-04-18,iPhone 14 1TB Gold,108387085501011,Local Trade-in,1038,SOLD,OnBuy,1226,2024-04-26
2024-04-17,Galaxy S22 Ultra 512GB Lavender,454729961107665,eBay Wholesale,1014,AVAILABLE,,,
2024-04-22,iPhone 13 1TB Space Grey,571115698743021,Backmarket Direct,692,AVAILABLE,,,
2024-04-22,Galaxy S23 Ultra 1TB Titanium Violet,687310676736451,eBay Wholesale,995,SOLD,Direct,1108,2024-04-29
2024-03-26,Galaxy S22 Ultra 256GB Cream,239619812733783,Backmarket Direct,586,AVAILABLE,,,
2024-03-21,iPhone 15 Pro Max 256GB Blue Titanium,718542831303393,Local Trade-in,736,AVAILABLE,,,
2024-02-26,Galaxy S23 Ultra 256GB Phantom Black,406124418750132,eBay Wholesale,684,SOLD,eBay,754,2024-04-27
2024-01-27,iPhone 13 128GB Midnight,839788433782986,Backmarket Direct,1058,SOLD,Amazon,1239,2024-04-28
2024-02-17,Galaxy S23 256GB Green,734532789457953,Amazon UK,490,AVAILABLE,,,
2024-03-11,iPhone 15 Pro Max 512GB Blue Titanium,409220427113684,Local Trade-in,692,AVAILABLE,,,
2024-02-18,iPhone 14 Pro Max 128GB Space Grey,768519326031216,Amazon UK,867,SOLD,OnBuy,974,2024-04-21
2024-03-27,iPhone 15 1TB White Titanium,361375157865144,Amazon UK,539,AVAILABLE,,,
2024-03-19,Galaxy S24+ 128GB Titanium Black,800808219462009,Backmarket Direct,1106,AVAILABLE,,,
2024-03-23,iPhone 14 256GB Blue Titanium,542970202619475,Backmarket Direct,686,SOLD,Amazon,780,2024-04-30
2024-04-25,iPhone 13 512GB Midnight,310386097711650,eBay Wholesale,622,SOLD,Direct,784,2024-04-24
2024-04-25,Galaxy S23 Ultra 128GB Cream,134869196282524,Lazada Bulk,1016,SOLD,OnBuy,1170,2024-04-22
2024-02-23,Galaxy S24+ 128GB Titanium Black,801447381942696,Backmarket Direct,475,AVAILABLE,,,
2024-03-14,iPhone 15 Pro 1TB Space Grey,118668647611981,Amazon UK,991,SOLD,OnBuy,1148,2024-04-30
2024-02-14,iPhone 13 128GB Natural Titanium,476719223369278,Backmarket Direct,1039,SOLD,eBay,1131,2024-04-30
2024-01-18,Galaxy S23 Ultra 256GB Cream,492551374563592,Backmarket Direct,939,SOLD,Backmarket,1012,2024-04-25
2024-04-15,Galaxy S24+ 512GB Titanium Violet,034918615099822,eBay Wholesale,1010,AVAILABLE,,,
2024-04-21,iPhone 15 256GB Natural Titanium,596765407255269,eBay Wholesale,1193,AVAILABLE,,,
2024-03-21,Galaxy S24 Ultra 256GB Cream,723591960870526,Amazon UK,942,AVAILABLE,,,
2024-03-27,Galaxy S23 Ultra 512GB Titanium Gray,406386051981919,eBay Wholesale,821,AVAILABLE,,,
2024-04-27,iPhone 15 Pro 1TB Black Titanium,467220744239269,Backmarket Direct,702,AVAILABLE,,,
2024-02-25,Galaxy S23 Ultra 128GB Phantom Black,529175371879781,Backmarket Direct,728,SOLD,OnBuy,793,2024-04-25
2024-01-20,iPhone 14 256GB Space Grey,149414506261138,Backmarket Direct,950,AVAILABLE,,,
2024-04-24,Galaxy S22 Ultra 256GB Cream,133755150156875,eBay Wholesale,1086,AVAILABLE,,,
2024-04-26,Galaxy S24 256GB Phantom Black,075058402220706,Lazada Bulk,1131,AVAILABLE,,,
2024-04-28,Galaxy S24 1TB Titanium Violet,589756591127890,Amazon UK,1199,AVAILABLE,,,
2024-04-14,Galaxy S23 256GB Titanium Black,660075598578728,Local Trade-in,1144,SOLD,Backmarket,1217,2024-04-24
2024-02-15,iPhone 14 Pro Max 512GB Black Titanium,078376479693841,Local Trade-in,531,AVAILABLE,,,
2024-04-17,Galaxy S23 256GB Green,855928327925997,Local Trade-in,1159,SOLD,OnBuy,1264,2024-04-28
2024-01-18,Galaxy S22 Ultra 256GB Titanium Gray,280247438475723,Amazon UK,872,SOLD,Amazon,960,2024-04-24
2024-02-24,Galaxy S23 1TB Lavender,542875863272121,Local Trade-in,1138,AVAILABLE,,,
2024-01-27,Galaxy S24 256GB Phantom Black,892236292564071,Local Trade-in,446,SOLD,eBay,506,2024-04-25
2024-01-26,Galaxy S24 Ultra 256GB Green,897717230599576,Local Trade-in,1161,AVAILABLE,,,
2024-01-23,Galaxy S24+ 1TB Cream,900883803288156,eBay Wholesale,724,AVAILABLE,,,
2024-04-27,iPhone 15 Pro Max 512GB Space Grey,672041533527790,eBay Wholesale,1006,SOLD,Direct,1111,2024-04-22
2024-03-15,Galaxy S22 Ultra 512GB Titanium Black,443076716447336,Lazada Bulk,806,AVAILABLE,,,
2024-01-20,iPhone 15 512GB Midnight,110177995366332,Lazada Bulk,489,AVAILABLE,,,
2024-01-15,iPhone 15 Pro 512GB Gold,004027096730824,Lazada Bulk,1179,SOLD,OnBuy,1282,2024-04-26
2024-03-24,Galaxy S23 512GB Cream,675042883914955,Lazada Bulk,821,SOLD,Direct,1010,2024-04-25
2024-03-26,iPhone 15 256GB Blue Titanium,740665128283435,Lazada Bulk,456,SOLD,eBay,644,2024-04-30
2024-02-11,iPhone 14 Pro Max 256GB Blue Titanium,199661664335401,Local Trade-in,720,AVAILABLE,,,
2024-04-18,iPhone 14 Pro Max 512GB White Titanium,827998876958358,Local Trade-in,912,SOLD,Direct,1006,2024-04-27
2024-01-14,iPhone 13 256GB Gold,580783692702153,Lazada Bulk,627,SOLD,Backmarket,756,2024-04-26
2024-03-18,iPhone 14 256GB Gold,237544542498749,Local Trade-in,572,AVAILABLE,,,
2024-01-19,Galaxy S23 512GB Green,435490475348984,Amazon UK,879,SOLD,Direct,949,2024-04-23
2024-03-11,Galaxy S22 Ultra 128GB Phantom Black,883463935663061,Lazada Bulk,955,SOLD,Backmarket,1107,2024-04-23
2024-01-16,Galaxy S23 1TB Cream,919732906752971,Lazada Bulk,831,SOLD,eBay,896,2024-04-28
2024-03-20,Galaxy S24+ 1TB Green,404948036844717,Amazon UK,446,SOLD,OnBuy,518,2024-04-21
2024-04-15,iPhone 14 128GB Black Titanium,464273615420011,Lazada Bulk,1021,SOLD,eBay,1071,2024-04-22
2024-02-23,iPhone 13 512GB Midnight,165081721753179,Local Trade-in,1121,AVAILABLE,,,
2024-02-26,iPhone 15 Pro Max 256GB Natural Titanium,455697943415781,Lazada Bulk,1000,SOLD,Direct,1140,2024-04-27
2024-02-18,iPhone 15 Pro Max 1TB Starlight,122378202830689,Lazada Bulk,884,AVAILABLE,,,
2024-02-26,Galaxy S23 256GB Cream,650841103806014,eBay Wholesale,1044,SOLD,Direct,1206,2024-04-28
2024-02-15,iPhone 14 1TB Midnight,862068277575710,Amazon UK,503,AVAILABLE,,,
2024-02-18,Galaxy S24 Ultra 1TB Phantom Black,988751072146786,Local Trade-in,870,AVAILABLE,,,
2024-03-15,iPhone 14 Pro Max 128GB Space Grey,715967803226630,Backmarket Direct,673,SOLD,OnBuy,781,2024-04-22
2024-01-13,iPhone 13 128GB Space Grey,561297679881586,Backmarket Direct,566,AVAILABLE,,,
2024-03-15,iPhone 15 Pro 256GB Starlight,677282197496100,Local Trade-in,979,SOLD,OnBuy,1054,2024-04-20
2024-03-25,iPhone 14 256GB Midnight,603718012093617,Local Trade-in,719,SOLD,OnBuy,866,2024-04-20
2024-01-16,Galaxy S22 Ultra 128GB Lavender,312433141193561,Amazon UK,621,AVAILABLE,,,
2024-03-21,iPhone 14 512GB White Titanium,425541399641277,Lazada Bulk,1099,SOLD,Amazon,1248,2024-04-26
2024-02-13,Galaxy S23 256GB Titanium Gray,768513367374987,Local Trade-in,464,SOLD,Backmarket,594,2024-04-25
2024-04-15,Galaxy S22 Ultra 1TB Cream,572842407634722,Backmarket Direct,437,SOLD,eBay,628,2024-04-23
2024-02-16,Galaxy S24+ 512GB Titanium Gray,196145998189034,Local Trade-in,720,AVAILABLE,,,
2024-03-11,Galaxy S24+ 128GB Cream,456152199749987,eBay Wholesale,544,SOLD,Backmarket,649,2024-04-22
2024-04-27,iPhone 15 Pro 512GB Silver,964986931902456,Lazada Bulk,828,AVAILABLE,,,
2024-01-23,iPhone 15 Pro 128GB Midnight,247573090032727,Backmarket Direct,896,SOLD,Backmarket,1020,2024-04-29
2024-02-15,Galaxy S22 Ultra 512GB Titanium Violet,628576864289824,Amazon UK,1074,AVAILABLE,,,
2024-01-20,Galaxy S24 Ultra 512GB Titanium Black,692920893171169,eBay Wholesale,876,SOLD,eBay,1070,2024-04-22
2024-01-10,iPhone 13 128GB Midnight,897715374776058,Backmarket Direct,827,SOLD,OnBuy,993,2024-04-23
2024-02-10,Galaxy S23 Ultra 1TB Phantom Black,629596091878833,Amazon UK,843,AVAILABLE,,,
2024-03-22,iPhone 14 Pro Max 128GB Natural Titanium,413213616430413,Lazada Bulk,626,AVAILABLE,,,
2024-01-11,iPhone 14 Pro Max 1TB Natural Titanium,585177888980282,Lazada Bulk,550,SOLD,eBay,723,2024-04-30
2024-04-25,Galaxy S24 Ultra 512GB Titanium Violet,503442611539882,Amazon UK,876,AVAILABLE,,,
2024-01-25,iPhone 15 Pro Max 256GB Gold,457133004782802,Amazon UK,705,AVAILABLE,,,
2024-02-17,iPhone 13 256GB Midnight,920816446576054,Backmarket Direct,659,AVAILABLE,,,
2024-04-16,iPhone 15 Pro Max 256GB Natural Titanium,998400589951072,Lazada Bulk,1104,AVAILABLE,,,
2024-01-17,iPhone 15 Pro Max 256GB Blue Titanium,018651563339647,Amazon UK,911,SOLD,eBay,1038,2024-04-27
2024-02-17,Galaxy S23 Ultra 256GB Green,316356766801182,Local Trade-in,446,AVAILABLE,,,
2024-02-12,Galaxy S23 128GB Green,366824453303146,eBay Wholesale,417,AVAILABLE,,,
2024-02-25,iPhone 14 Pro Max 256GB Silver,185971282992304,Amazon UK,595,AVAILABLE,,,
2024-01-25,iPhone 15 Pro Max 128GB Natural Titanium,610651279071451,Amazon UK,506,SOLD,Amazon,701,2024-04-23
2024-02-26,iPhone 14 Pro Max 1TB Black Titanium,480039539059921,eBay Wholesale,949,SOLD,eBay,1098,2024-04-26
2024-03-16,Galaxy S24+ 512GB Titanium Black,640344504876682,Amazon UK,466,AVAILABLE,,,
2024-01-19,Galaxy S24 Ultra 1TB Titanium Black,524068260295442,Lazada Bulk,688,SOLD,Direct,839,2024-04-21
2024-02-24,Galaxy S23 1TB Titanium Black,832480357409387,Local Trade-in,508,AVAILABLE,,,
2024-01-23,iPhone 15 Pro 512GB Blue Titanium,930127212419206,Backmarket Direct,1198,AVAILABLE,,,
2024-03-14,Galaxy S24 Ultra 1TB Green,864295001201653,eBay Wholesale,411,AVAILABLE,,,
2024-01-11,Galaxy S24 Ultra 1TB Titanium Gray,423402193480597,Amazon UK,928,SOLD,Direct,1084,2024-04-24
2024-02-19,Galaxy S22 Ultra 256GB Titanium Gray,027299585917609,Amazon UK,498,AVAILABLE,,,
2024-03-17,Galaxy S24 128GB Titanium Violet,400966701758794,Backmarket Direct,701,SOLD,eBay,776,2024-04-27
2024-01-20,iPhone 15 1TB Starlight,412073178378467,Local Trade-in,886,SOLD,Direct,1016,2024-04-20
2024-04-13,Galaxy S23 Ultra 512GB Phantom Black,826031954943249,eBay Wholesale,817,SOLD,Amazon,948,2024-04-29
2024-03-25,Galaxy S23 512GB Titanium Violet,957714802886813,eBay Wholesale,511,AVAILABLE,,,
2024-01-15,iPhone 14 Pro Max 128GB White Titanium,348991665375324,Local Trade-in,1037,SOLD,eBay,1220,2024-04-22
2024-03-16,Galaxy S23 1TB Titanium Black,552244915784210,Lazada Bulk,667,SOLD,OnBuy,765,2024-04-27
2024-02-17,Galaxy S22 Ultra 256GB Green,737634008335628,Lazada Bulk,1091,SOLD,Amazon,1218,2024-04-22
2024-04-10,Galaxy S22 Ultra 128GB Lavender,164899515971197,Amazon UK,1022,SOLD,OnBuy,1184,2024-04-23
2024-04-16,iPhone 14 Pro Max 1TB Natural Titanium,219730530860246,eBay Wholesale,1020,AVAILABLE,,,
2024-02-28,iPhone 14 Pro Max 128GB Black Titanium,564760798624759,Local Trade-in,1087,SOLD,Amazon,1219,2024-04-23
2024-03-13,Galaxy S24+ 128GB Titanium Violet,924346288361695,eBay Wholesale,1172,AVAILABLE,,,
2024-02-24,Galaxy S23 128GB Lavender,546064540537045,Local Trade-in,418,SOLD,eBay,569,2024-04-29
2024-04-27,Galaxy S23 128GB Phantom Black,419266777483406,Amazon UK,1184,AVAILABLE,,,
2024-01-28,Galaxy S24 1TB Titanium Gray,507888765558850,Lazada Bulk,1027,AVAILABLE,,,
2024-01-18,iPhone 13 1TB Natural Titanium,313851373580137,Local Trade-in,858,AVAILABLE,,,
2024-02-27,iPhone 13 128GB White Titanium,121547407832940,Lazada Bulk,656,SOLD,eBay,837,2024-04-20
2024-04-28,iPhone 15 Pro Max 128GB Midnight,949523107531107,Backmarket Direct,1124,SOLD,eBay,1269,2024-04-23
2024-02-12,iPhone 14 Pro Max 1TB Blue Titanium,897714750921614,Amazon UK,1034,SOLD,Backmarket,1234,2024-04-27
2024-01-21,iPhone 14 Pro Max 256GB Space Grey,472969618701562,Local Trade-in,472,AVAILABLE,,,
2024-03-10,iPhone 15 Pro Max 512GB Gold,722278909666031,eBay Wholesale,717,SOLD,eBay,896,2024-04-23
2024-04-24,Galaxy S24 Ultra 256GB Titanium Black,472255476516768,Lazada Bulk,965,AVAILABLE,,,
2024-01-25,iPhone 14 Pro Max 128GB Blue Titanium,948707463258715,eBay Wholesale,773,AVAILABLE,,,
2024-02-11,Galaxy S24 512GB Lavender,633592130045758,Amazon UK,649,SOLD,OnBuy,727,2024-04-23
2024-02-24,iPhone 14 1TB Gold,149909756687397,Amazon UK,860,AVAILABLE,,,
2024-03-11,iPhone 15 256GB Midnight,222815129903279,eBay Wholesale,466,AVAILABLE,,,
2024-02-24,iPhone 14 Pro Max 512GB Natural Titanium,028395054887153,Lazada Bulk,1180,SOLD,Direct,1340,2024-04-24
2024-04-12,iPhone 14 Pro Max 128GB White Titanium,802175343001691,eBay Wholesale,931,SOLD,Direct,1091,2024-04-21
2024-02-24,iPhone 15 128GB Starlight,251380458246081,Lazada Bulk,559,AVAILABLE,,,
2024-02-24,iPhone 14 1TB Black Titanium,753997174013829,Local Trade-in,514,SOLD,Amazon,591,2024-04-28
2024-01-25,iPhone 14 Pro Max 256GB Black Titanium,966686821331151,Amazon UK,486,AVAILABLE,,,
2024-01-14,iPhone 13 1TB Midnight,581427983398221,Lazada Bulk,475,SOLD,Direct,574,2024-04-29
2024-04-15,iPhone 14 Pro Max 128GB Natural Titanium,866989136614256,eBay Wholesale,741,SOLD,Backmarket,822,2024-04-30
2024-04-16,Galaxy S24 Ultra 1TB Phantom Black,359086579696109,Lazada Bulk,642,AVAILABLE,,,
2024-04-23,Galaxy S23 256GB Titanium Black,585011838051958,Amazon UK,702,AVAILABLE,,,
2024-01-18,Galaxy S24 Ultra 128GB Green,503431259679081,Lazada Bulk,504,AVAILABLE,,,
2024-04-19,iPhone 15 256GB Space Grey,810514326538193,Backmarket Direct,794,SOLD,Direct,970,2024-04-24
2024-02-15,iPhone 15 Pro 1TB Silver,726431977537030,Amazon UK,410,SOLD,Backmarket,499,2024-04-21
2024-03-14,Galaxy S24+ 128GB Lavender,128683246842051,Backmarket Direct,803,SOLD,Amazon,853,2024-04-29
2024-03-26,Galaxy S23 512GB Titanium Gray,093093804766616,Backmarket Direct,742,AVAILABLE,,,
2024-03-26,Galaxy S23 Ultra 1TB Lavender,815249333058677,Amazon UK,1161,AVAILABLE,,,
2024-02-11,Galaxy S24+ 512GB Cream,072765259109166,Local Trade-in,533,AVAILABLE,,,
2024-04-21,iPhone 15 Pro 128GB White Titanium,169678103617239,eBay Wholesale,1053,AVAILABLE,,,
2024-04-13,Galaxy S24+ 256GB Green,308939568722187,eBay Wholesale,592,SOLD,Direct,752,2024-04-21
2024-03-23,iPhone 14 Pro Max 1TB Blue Titanium,988989695581635,Amazon UK,729,AVAILABLE,,,
2024-04-12,iPhone 15 Pro Max 1TB Gold,189917506866757,Local Trade-in,778,AVAILABLE,,,
2024-02-16,Galaxy S24 Ultra 512GB Cream,492500739766015,Backmarket Direct,858,SOLD,Amazon,1037,2024-04-27
2024-01-12,Galaxy S24 Ultra 128GB Phantom Black,003560901712668,Backmarket Direct,615,AVAILABLE,,,
2024-01-22,Galaxy S23 Ultra 1TB Titanium Gray,749059867474560,eBay Wholesale,712,SOLD,Amazon,818,2024-04-30
2024-03-20,iPhone 14 512GB Blue Titanium,633569091124727,Local Trade-in,475,SOLD,Amazon,630,2024-04-30
2024-02-13,iPhone 15 128GB Silver,607927969701754,eBay Wholesale,995,SOLD,Direct,1180,2024-04-21
2024-03-16,Galaxy S24 Ultra 1TB Cream,405587358942333,Backmarket Direct,941,SOLD,Amazon,1032,2024-04-26
2024-02-27,Galaxy S24 Ultra 512GB Titanium Violet,272136847368289,Amazon UK,1143,SOLD,Backmarket,1231,2024-04-27
2024-01-16,Galaxy S22 Ultra 256GB Cream,334291649714080,Backmarket Direct,890,AVAILABLE,,,
2024-04-12,iPhone 14 512GB Natural Titanium,269358848458216,Backmarket Direct,1041,SOLD,Backmarket,1158,2024-04-25
2024-03-19,iPhone 13 128GB Blue Titanium,902257725628799,eBay Wholesale,1080,SOLD,Amazon,1263,2024-04-24
2024-04-21,Galaxy S22 Ultra 256GB Lavender,949462758744207,Local Trade-in,1033,AVAILABLE,,,
2024-01-21,iPhone 14 256GB Starlight,181830196119551,Lazada Bulk,625,AVAILABLE,,,
2024-04-23,Galaxy S23 Ultra 512GB Titanium Gray,320624283682925,eBay Wholesale,725,SOLD,Direct,921,2024-04-22
2024-04-27,iPhone 15 128GB Black Titanium,732915855297588,Lazada Bulk,1193,SOLD,Direct,1263,2024-04-27
2024-03-16,Galaxy S23 Ultra 128GB Green,063736189929418,Amazon UK,672,SOLD,OnBuy,730,2024-04-22
2024-04-24,Galaxy S24 512GB Titanium Gray,145555517718020,Local Trade-in,855,SOLD,eBay,990,2024-04-23
2024-04-13,Galaxy S24 1TB Cream,839799941441647,Amazon UK,794,SOLD,Direct,944,2024-04-23
2024-02-10,Galaxy S24 256GB Titanium Gray,111190339686691,Amazon UK,981,SOLD,Backmarket,1109,2024-04-20
2024-01-15,iPhone 15 Pro 256GB Starlight,973073320831142,eBay Wholesale,715,AVAILABLE,,,
2024-04-22,iPhone 15 Pro Max 1TB Starlight,234043952959294,eBay Wholesale,1105,SOLD,eBay,1269,2024-04-28
2024-04-28,Galaxy S23 Ultra 1TB Titanium Gray,344826049057395,Amazon UK,430,AVAILABLE,,,
2024-01-17,iPhone 15 Pro Max 512GB Space Grey,091327674299785,Amazon UK,415,SOLD,Backmarket,570,2024-04-20
2024-02-28,iPhone 13 512GB White Titanium,389227319940490,Local Trade-in,1079,SOLD,eBay,1235,2024-04-27
2024-04-11,Galaxy S24 Ultra 256GB Cream,414616915218146,Lazada Bulk,996,AVAILABLE,,,
2024-01-10,iPhone 15 1TB Blue Titanium,691948532605258,eBay Wholesale,1149,SOLD,Direct,1230,2024-04-28
2024-02-10,iPhone 15 Pro Max 256GB Midnight,131887511096632,Amazon UK,1154,AVAILABLE,,,
2024-03-12,Galaxy S23 Ultra 1TB Titanium Gray,740542539182210,eBay Wholesale,941,SOLD,eBay,991,2024-04-29
2024-02-20,iPhone 15 128GB Natural Titanium,746386535998640,Backmarket Direct,545,AVAILABLE,,,
2024-04-23,Galaxy S24 256GB Titanium Black,235427132072256,Local Trade-in,658,SOLD,Backmarket,718,2024-04-24
2024-01-20,iPhone 15 Pro Max 256GB Blue Titanium,807808814226608,Amazon UK,817,SOLD,Direct,896,2024-04-28
2024-01-19,Galaxy S24 256GB Titanium Violet,420331583050163,Backmarket Direct,454,AVAILABLE,,,
2024-02-27,Galaxy S23 128GB Lavender,311795537557918,Lazada Bulk,619,AVAILABLE,,,
2024-04-16,Galaxy S23 Ultra 128GB Titanium Black,696924083330072,Backmarket Direct,527,AVAILABLE,,,
2024-01-27,Galaxy S23 Ultra 512GB Titanium Violet,418796270622218,Local Trade-in,946,AVAILABLE,,,
2024-04-20,iPhone 13 1TB Starlight,201074892212257,eBay Wholesale,780,AVAILABLE,,,
2024-01-25,Galaxy S24 Ultra 256GB Lavender,898918466260993,Local Trade-in,1075,SOLD,Backmarket,1268,2024-04-27
2024-01-26,iPhone 13 128GB Silver,149098474198707,Lazada Bulk,545,SOLD,Direct,735,2024-04-23
2024-03-22,Galaxy S22 Ultra 256GB Cream,581159939663712,Lazada Bulk,1160,AVAILABLE,,,
2024-01-10,Galaxy S23 Ultra 512GB Titanium Black,476927945955784,Lazada Bulk,817,AVAILABLE,,,
2024-04-16,Galaxy S23 512GB Phantom Black,770514634500316,Local Trade-in,921,AVAILABLE,,,
2024-01-18,iPhone 15 256GB Space Grey,401085558253149,Lazada Bulk,549,SOLD,eBay,665,2024-04-28
2024-02-25,Galaxy S24+ 128GB Titanium Black,512275642590119,Lazada Bulk,710,AVAILABLE,,,
2024-02-21,Galaxy S24 512GB Titanium Gray,447842210543236,Backmarket Direct,670,SOLD,eBay,799,2024-04-26
2024-02-11,Galaxy S23 Ultra 1TB Phantom Black,201120088517346,Amazon UK,971,SOLD,Amazon,1091,2024-04-24
2024-03-16,Galaxy S24 128GB Cream,479978900620580,Lazada Bulk,557,AVAILABLE,,,
2024-01-26,Galaxy S24 Ultra 256GB Cream,976129522288326,eBay Wholesale,895,SOLD,Direct,978,2024-04-25
2024-03-22,Galaxy S23 Ultra 1TB Cream,453876060436924,Lazada Bulk,940,SOLD,Amazon,1092,2024-04-30
2024-04-15,iPhone 14 1TB Natural Titanium,272063768033985,Amazon UK,1062,SOLD,OnBuy,1131,2024-04-26
2024-02-13,iPhone 15 Pro Max 256GB Silver,921189296327892,Local Trade-in,1138,AVAILABLE,,,
2024-03-10,Galaxy S23 256GB Titanium Gray,349825162748369,Local Trade-in,1053,SOLD,Backmarket,1176,2024-04-27
2024-01-28,iPhone 15 Pro 256GB Natural Titanium,118023798884256,Amazon UK,570,SOLD,Direct,748,2024-04-22
2024-04-15,iPhone 15 1TB Space Grey,248051642250364,Backmarket Direct,520,AVAILABLE,,,
2024-01-16,Galaxy S23 Ultra 512GB Titanium Violet,805884759041499,eBay Wholesale,794,SOLD,eBay,990,2024-04-28
2024-03-19,iPhone 14 Pro Max 128GB Space Grey,747279179439466,Amazon UK,494,AVAILABLE,,,
2024-01-27,Galaxy S23 256GB Titanium Black,240976674182670,Backmarket Direct,948,SOLD,eBay,1018,2024-04-30
2024-01-25,Galaxy S22 Ultra 1TB Titanium Violet,523273127695104,Local Trade-in,644,SOLD,Amazon,763,2024-04-28
2024-04-19,iPhone 15 Pro Max 1TB Midnight,596882394704199,eBay Wholesale,597,SOLD,OnBuy,737,2024-04-21
2024-04-10,iPhone 15 Pro 128GB Natural Titanium,996528659855359,Lazada Bulk,551,SOLD,eBay,632,2024-04-29
2024-04-26,Galaxy S22 Ultra 128GB Green,614480309470227,Backmarket Direct,851,AVAILABLE,,,
2024-04-27,iPhone 14 512GB Blue Titanium,972555701707559,Amazon UK,1096,AVAILABLE,,,
2024-01-19,Galaxy S23 1TB Cream,636813623576337,Backmarket Direct,584,AVAILABLE,,,
2024-03-24,iPhone 15 Pro Max 1TB Starlight,955941956090471,Amazon UK,878,SOLD,eBay,953,2024-04-24
2024-04-27,Galaxy S23 1TB Cream,495569375191004,Backmarket Direct,1172,SOLD,Direct,1280,2024-04-29
2024-03-15,Galaxy S24 128GB Titanium Black,369181101633217,Backmarket Direct,857,SOLD,eBay,1028,2024-04-23
2024-03-22,iPhone 13 1TB Midnight,820288848734232,Lazada Bulk,923,AVAILABLE,,,
2024-03-24,Galaxy S24 Ultra 256GB Cream,106688364846983,Amazon UK,886,AVAILABLE,,,
2024-02-10,Galaxy S24 Ultra 256GB Lavender,061340700136361,Amazon UK,805,SOLD,Direct,932,2024-04-20
2024-02-20,iPhone 15 Pro 256GB White Titanium,231261106403173,Amazon UK,891,AVAILABLE,,,
2024-04-25,Galaxy S23 256GB Titanium Black,402020513198337,Local Trade-in,740,AVAILABLE,,,
2024-02-19,Galaxy S23 Ultra 256GB Titanium Gray,092340861925511,Amazon UK,761,AVAILABLE,,,
2024-03-24,iPhone 15 256GB Blue Titanium,032361442615307,Lazada Bulk,888,SOLD,OnBuy,1028,2024-04-23
2024-03-28,iPhone 15 Pro Max 256GB Gold,733277438006400,Amazon UK,1026,SOLD,eBay,1210,2024-04-25
2024-04-27,iPhone 15 Pro Max 256GB White Titanium,159875054972471,Backmarket Direct,1178,SOLD,Direct,1307,2024-04-26
2024-03-27,Galaxy S23 256GB Titanium Violet,023166370622026,Backmarket Direct,905,AVAILABLE,,,
2024-04-25,iPhone 14 1TB Midnight,724838203427655,Local Trade-in,608,SOLD,Direct,764,2024-04-20
2024-03-20,iPhone 15 Pro Max 256GB White Titanium,608634057064229,eBay Wholesale,504,SOLD,Backmarket,636,2024-04-29
2024-02-18,Galaxy S23 1TB Titanium Gray,253320325488624,eBay Wholesale,828,AVAILABLE,,,
2024-04-25,iPhone 15 Pro Max 512GB Silver,359494817742625,Amazon UK,1165,SOLD,OnBuy,1348,2024-04-24
2024-04-10,iPhone 14 512GB Black Titanium,373571921611883,Amazon UK,704,SOLD,Direct,865,2024-04-23
2024-02-12,Galaxy S23 Ultra 1TB Green,304955543808632,Backmarket Direct,425,AVAILABLE,,,
2024-03-13,iPhone 14 Pro Max 512GB Black Titanium,838698781249841,Backmarket Direct,438,AVAILABLE,,,
2024-01-13,Galaxy S24 128GB Phantom Black,419545433870973,eBay Wholesale,1170,AVAILABLE,,,
2024-02-18,Galaxy S24 512GB Titanium Black,659696485827478,Lazada Bulk,689,SOLD,Backmarket,761,2024-04-25
2024-01-23,iPhone 14 Pro Max 128GB Midnight,332182718495660,Amazon UK,454,AVAILABLE,,,
2024-02-27,Galaxy S24+ 1TB Green,431131776705348,eBay Wholesale,469,AVAILABLE,,,
2024-04-19,Galaxy S24+ 128GB Titanium Violet,932166786570246,eBay Wholesale,933,SOLD,Backmarket,999,2024-04-23
2024-03-11,iPhone 13 128GB Silver,216871382599755,Local Trade-in,1041,SOLD,eBay,1177,2024-04-21
2024-04-25,Galaxy S23 Ultra 128GB Cream,130737539976016,Backmarket Direct,917,AVAILABLE,,,
2024-01-27,Galaxy S23 Ultra 256GB Titanium Black,480142742195104,eBay Wholesale,802,AVAILABLE,,,
2024-01-24,Galaxy S24 512GB Phantom Black,691122675133015,Local Trade-in,616,SOLD,Backmarket,701,2024-04-29
2024-01-24,iPhone 15 Pro Max 512GB Gold,484712029955144,Lazada Bulk,680,SOLD,Direct,837,2024-04-27
2024-01-23,iPhone 15 Pro 512GB Blue Titanium,345856981759430,eBay Wholesale,880,AVAILABLE,,,
2024-01-24,Galaxy S24 Ultra 1TB Titanium Violet,567505839651400,Backmarket Direct,930,SOLD,eBay,1028,2024-04-25
2024-04-20,Galaxy S24 Ultra 512GB Titanium Black,738360454419980,Local Trade-in,452,AVAILABLE,,,
2024-04-13,Galaxy S24 Ultra 256GB Green,613883698201060,Local Trade-in,485,AVAILABLE,,,
2024-03-12,iPhone 15 128GB Blue Titanium,234996096769780,Backmarket Direct,720,SOLD,Direct,868,2024-04-21
2024-04-24,Galaxy S22 Ultra 256GB Green,029486942296098,Local Trade-in,462,SOLD,OnBuy,554,2024-04-26
2024-01-16,Galaxy S23 128GB Titanium Violet,970910772311398,eBay Wholesale,939,AVAILABLE,,,
2024-01-26,Galaxy S22 Ultra 256GB Phantom Black,555853808758823,Local Trade-in,556,SOLD,Backmarket,672,2024-04-25
2024-01-13,Galaxy S22 Ultra 128GB Green,125972348704211,Lazada Bulk,510,AVAILABLE,,,
2024-03-27,Galaxy S23 Ultra 256GB Phantom Black,581090120840222,Amazon UK,574,SOLD,Amazon,716,2024-04-21
2024-03-22,iPhone 15 Pro 256GB Space Grey,669050962718547,Amazon UK,995,AVAILABLE,,,
2024-02-18,iPhone 15 128GB Blue Titanium,563744734905072,Backmarket Direct,708,SOLD,OnBuy,840,2024-04-23
2024-04-18,iPhone 14 Pro Max 128GB Black Titanium,814754806703767,Amazon UK,515,AVAILABLE,,,
2024-02-16,iPhone 13 128GB Blue Titanium,818744892664853,Backmarket Direct,783,SOLD,eBay,904,2024-04-20
2024-04-11,Galaxy S24 Ultra 512GB Phantom Black,125053298693801,eBay Wholesale,466,SOLD,OnBuy,626,2024-04-20
2024-02-14,Galaxy S23 Ultra 1TB Green,511803893427145,Backmarket Direct,653,AVAILABLE,,,
2024-03-17,iPhone 14 Pro Max 1TB Silver,250229309386877,Amazon UK,782,AVAILABLE,,,
2024-03-14,Galaxy S22 Ultra 128GB Cream,094357653998605,eBay Wholesale,837,AVAILABLE,,,
2024-01-13,iPhone 15 Pro Max 128GB White Titanium,301884982775370,Amazon UK,814,AVAILABLE,,,
2024-03-24,iPhone 15 Pro Max 1TB Space Grey,033396918500111,Lazada Bulk,970,SOLD,eBay,1020,2024-04-28
2024-01-15,iPhone 15 Pro 128GB Natural Titanium,525081185818293,Local Trade-in,896,AVAILABLE,,,
2024-04-14,iPhone 15 Pro 512GB Black Titanium,288177435721998,Amazon UK,467,SOLD,eBay,623,2024-04-27
2024-03-15,iPhone 14 1TB Black Titanium,100763603466079,Local Trade-in,744,SOLD,Backmarket,944,2024-04-20
2024-04-28,Galaxy S23 1TB Lavender,360937414751599,Amazon UK,692,AVAILABLE,,,
2024-02-17,Galaxy S22 Ultra 256GB Green,788111157920594,Amazon UK,517,SOLD,OnBuy,622,2024-04-28
2024-03-20,iPhone 14 Pro Max 512GB Silver,439032570429686,Backmarket Direct,628,AVAILABLE,,,
2024-01-28,Galaxy S22 Ultra 512GB Titanium Violet,067903414654932,Local Trade-in,892,SOLD,Amazon,1053,2024-04-21
2024-01-21,Galaxy S24+ 1TB Titanium Black,922719089620376,Backmarket Direct,678,SOLD,Direct,765,2024-04-27
2024-01-17,Galaxy S22 Ultra 256GB Titanium Violet,156694371031647,Local Trade-in,893,AVAILABLE,,,
2024-02-18,Galaxy S24 Ultra 512GB Cream,678702578371672,Backmarket Direct,608,AVAILABLE,,,
2024-04-14,Galaxy S24 Ultra 1TB Titanium Gray,971129973950769,Local Trade-in,1190,AVAILABLE,,,
2024-04-27,Galaxy S24 Ultra 256GB Cream,961174150188439,Amazon UK,756,SOLD,Amazon,932,2024-04-26
2024-04-22,iPhone 13 1TB Blue Titanium,704554495880505,Lazada Bulk,1061,AVAILABLE,,,
2024-03-11,iPhone 14 Pro Max 1TB Starlight,389752316013614,eBay Wholesale,730,SOLD,Backmarket,898,2024-04-26
2024-04-10,iPhone 15 Pro 1TB Gold,939571166931365,Backmarket Direct,669,SOLD,OnBuy,794,2024-04-21
2024-01-11,Galaxy S22 Ultra 256GB Lavender,805296839572225,eBay Wholesale,450,SOLD,Backmarket,521,2024-04-22
2024-04-11,iPhone 15 Pro 256GB Natural Titanium,771468509821336,Local Trade-in,777,AVAILABLE,,,
2024-03-27,Galaxy S22 Ultra 512GB Titanium Gray,349666430342581,Lazada Bulk,648,AVAILABLE,,,
2024-04-10,Galaxy S24 256GB Cream,435328583240995,Amazon UK,415,AVAILABLE,,,
2024-02-27,Galaxy S24+ 512GB Lavender,384166115953795,Lazada Bulk,694,AVAILABLE,,,
2024-01-15,Galaxy S24+ 256GB Cream,169732419395542,Backmarket Direct,574,AVAILABLE,,,
2024-02-19,Galaxy S23 512GB Titanium Black,480814210763295,eBay Wholesale,441,AVAILABLE,,,
2024-03-10,iPhone 15 Pro 512GB Gold,139974197788295,Local Trade-in,519,SOLD,OnBuy,661,2024-04-25
2024-04-22,Galaxy S23 256GB Green,204657474441560,Lazada Bulk,725,SOLD,eBay,806,2024-04-28
2024-02-14,iPhone 15 1TB Starlight,170673836037858,eBay Wholesale,928,AVAILABLE,,,
2024-02-18,Galaxy S24 1TB Lavender,499297662497551,Backmarket Direct,1193,AVAILABLE,,,
2024-01-20,Galaxy S24 Ultra 1TB Green,460147529503397,Backmarket Direct,444,AVAILABLE,,,
2024-01-27,iPhone 15 Pro 256GB Starlight,781168912547733,eBay Wholesale,1188,SOLD,Amazon,1382,2024-04-21
2024-01-12,iPhone 14 1TB Space Grey,644353062580945,eBay Wholesale,1093,AVAILABLE,,,
2024-02-19,Galaxy S22 Ultra 256GB Titanium Gray,517458173535718,Lazada Bulk,738,AVAILABLE,,,
2024-03-22,iPhone 15 1TB White Titanium,540429958475158,Amazon UK,870,SOLD,eBay,1025,2024-04-27
2024-03-13,iPhone 13 512GB Starlight,237639899334465,Lazada Bulk,995,AVAILABLE,,,
2024-01-21,Galaxy S24+ 256GB Phantom Black,129514723621127,Local Trade-in,718,SOLD,Backmarket,890,2024-04-21
2024-03-14,iPhone 15 Pro 1TB Black Titanium,630133580625527,Backmarket Direct,1007,SOLD,Direct,1133,2024-04-23
2024-04-24,iPhone 14 Pro Max 1TB Gold,912758511584389,Lazada Bulk,1178,AVAILABLE,,,
2024-01-24,Galaxy S24+ 512GB Titanium Violet,172176132834836,Lazada Bulk,645,AVAILABLE,,,
2024-01-26,Galaxy S23 Ultra 128GB Titanium Black,173266008108125,Backmarket Direct,748,AVAILABLE,,,
2024-01-24,Galaxy S22 Ultra 1TB Cream,597494497096126,Backmarket Direct,886,AVAILABLE,,,
2024-03-12,iPhone 15 512GB Gold,981889413834094,Amazon UK,584,AVAILABLE,,,
2024-02-28,Galaxy S23 128GB Titanium Violet,440223197751241,Local Trade-in,1013,SOLD,Amazon,1078,2024-04-30
2024-01-14,Galaxy S24 Ultra 128GB Titanium Violet,929386890493005,Amazon UK,1169,AVAILABLE,,,
2024-04-18,Galaxy S23 Ultra 256GB Titanium Black,464121767454638,Lazada Bulk,1004,SOLD,Backmarket,1069,2024-04-23
2024-01-15,Galaxy S23 1TB Lavender,723235177050776,Local Trade-in,704,AVAILABLE,,,
2024-04-24,Galaxy S23 Ultra 256GB Lavender,286766041756291,Amazon UK,1085,SOLD,Amazon,1146,2024-04-20
2024-04-22,iPhone 14 Pro Max 256GB Black Titanium,370963339663731,Lazada Bulk,871,SOLD,eBay,1060,2024-04-26
2024-03-12,iPhone 15 512GB Silver,662251641611183,eBay Wholesale,543,AVAILABLE,,,
2024-04-12,iPhone 13 128GB Starlight,515871390581343,Backmarket Direct,796,SOLD,Backmarket,879,2024-04-21
2024-04-27,Galaxy S22 Ultra 128GB Titanium Violet,653619360029935,Lazada Bulk,705,SOLD,eBay,880,2024-04-21
2024-04-16,Galaxy S24+ 256GB Titanium Black,267499697700691,Local Trade-in,674,AVAILABLE,,,
2024-02-16,Galaxy S24 Ultra 256GB Titanium Violet,871389373374723,Lazada Bulk,1018,SOLD,Amazon,1082,2024-04-29
2024-02-18,Galaxy S24+ 256GB Titanium Black,888603878162555,Local Trade-in,803,AVAILABLE,,,
2024-03-10,iPhone 14 512GB Midnight,110881049324132,Amazon UK,855,AVAILABLE,,,
2024-01-10,Galaxy S24 256GB Titanium Black,476202984210415,Backmarket Direct,539,SOLD,OnBuy,663,2024-04-26
2024-04-20,Galaxy S22 Ultra 128GB Phantom Black,377675319627931,Backmarket Direct,526,SOLD,Amazon,649,2024-04-29
2024-01-14,iPhone 14 1TB Space Grey,511944293151775,eBay Wholesale,872,SOLD,Backmarket,1036,2024-04-22
2024-04-14,iPhone 14 256GB Blue Titanium,788008614629438,Local Trade-in,471,AVAILABLE,,,
2024-03-26,Galaxy S24 Ultra 128GB Titanium Black,626290816130698,eBay Wholesale,424,SOLD,Backmarket,598,2024-04-21
2024-02-23,iPhone 15 128GB Midnight,455982329369213,eBay Wholesale,925,AVAILABLE,,,
2024-04-26,Galaxy S24 Ultra 128GB Phantom Black,931931008329882,Amazon UK,460,SOLD,Amazon,554,2024-04-29
2024-04-26,iPhone 15 128GB Silver,926855501486142,Amazon UK,616,SOLD,Backmarket,709,2024-04-25
2024-03-27,Galaxy S22 Ultra 512GB Lavender,652319427599045,Backmarket Direct,845,SOLD,OnBuy,926,2024-04-29
2024-03-17,iPhone 15 Pro 256GB Natural Titanium,086884881188806,eBay Wholesale,811,SOLD,eBay,947,2024-04-25
2024-02-24,iPhone 15 Pro 256GB Natural Titanium,603307290959421,Backmarket Direct,666,AVAILABLE,,,
2024-02-14,Galaxy S24 Ultra 1TB Phantom Black,644068876154694,Amazon UK,472,SOLD,eBay,549,2024-04-26
2024-03-11,iPhone 13 512GB Space Grey,234392910042574,Backmarket Direct,476,SOLD,eBay,662,2024-04-29
2024-04-18,iPhone 15 Pro Max 1TB Gold,214614948992999,Amazon UK,957,AVAILABLE,,,
2024-03-16,Galaxy S24 Ultra 128GB Lavender,756978872601200,Lazada Bulk,1187,AVAILABLE,,,
2024-01-22,Galaxy S23 Ultra 1TB Lavender,639372516992899,Local Trade-in,413,SOLD,OnBuy,573,2024-04-26
2024-01-22,iPhone 15 Pro Max 512GB Black Titanium,972991782514400,eBay Wholesale,743,SOLD,Amazon,885,2024-04-22
2024-01-18,iPhone 14 Pro Max 512GB White Titanium,194798269917296,eBay Wholesale,1178,SOLD,Amazon,1300,2024-04-30
2024-01-15,iPhone 15 256GB Silver,404262211177332,eBay Wholesale,485,AVAILABLE,,,
2024-04-10,iPhone 15 512GB Black Titanium,474588812070507,Local Trade-in,1159,AVAILABLE,,,
2024-03-15,iPhone 15 Pro 1TB Starlight,922415603520024,eBay Wholesale,1116,SOLD,eBay,1213,2024-04-22
2024-04-26,iPhone 14 Pro Max 1TB Starlight,916535083512881,Local Trade-in,1192,AVAILABLE,,,
2024-02-14,iPhone 13 512GB Natural Titanium,006732446760322,Backmarket Direct,723,SOLD,Direct,883,2024-04-29
2024-01-23,iPhone 15 Pro 1TB Starlight,092143265392027,eBay Wholesale,807,SOLD,Backmarket,896,2024-04-27
2024-02-26,iPhone 14 Pro Max 128GB Blue Titanium,215490112066956,Local Trade-in,613,SOLD,Amazon,745,2024-04-27
2024-01-21,iPhone 15 512GB Silver,232639029654457,Backmarket Direct,849,AVAILABLE,,,
2024-03-13,iPhone 14 128GB Midnight,527256648014319,Lazada Bulk,1126,SOLD,Direct,1220,2024-04-28
2024-03-12,Galaxy S24 Ultra 128GB Lavender,873824611862335,Amazon UK,1180,SOLD,Direct,1295,2024-04-22
2024-04-22,Galaxy S24 128GB Titanium Gray,230546758588742,Amazon UK,1159,AVAILABLE,,,
2024-02-27,iPhone 14 Pro Max 128GB White Titanium,601356893605815,eBay Wholesale,1111,SOLD,Amazon,1271,2024-04-22
2024-04-21,Galaxy S24 256GB Titanium Black,246900818730215,Lazada Bulk,744,AVAILABLE,,,
2024-03-12,iPhone 15 Pro 512GB Silver,353627701658776,Backmarket Direct,982,SOLD,eBay,1036,2024-04-23
2024-04-25,Galaxy S24 256GB Cream,984793632977291,Lazada Bulk,965,AVAILABLE,,,
2024-01-26,Galaxy S23 Ultra 512GB Phantom Black,250418433062136,Lazada Bulk,799,AVAILABLE,,,
2024-01-27,iPhone 15 512GB Natural Titanium,833686606990458,Local Trade-in,1060,SOLD,OnBuy,1211,2024-04-22
2024-02-12,iPhone 14 Pro Max 128GB Blue Titanium,699833257791126,Local Trade-in,668,AVAILABLE,,,
2024-04-21,Galaxy S23 Ultra 256GB Titanium Black,220678074367101,Local Trade-in,850,SOLD,eBay,999,2024-04-27
2024-01-23,iPhone 13 1TB Starlight,299534338166282,Amazon UK,550,AVAILABLE,,,
2024-01-17,iPhone 14 Pro Max 128GB Silver,498237685167606,Local Trade-in,902,SOLD,Direct,1081,2024-04-26
2024-01-24,Galaxy S24+ 128GB Titanium Violet,611762998719338,eBay Wholesale,481,SOLD,Amazon,546,2024-04-22
2024-01-20,Galaxy S23 256GB Green,363593528254366,eBay Wholesale,1071,SOLD,Backmarket,1237,2024-04-27
2024-03-19,Galaxy S22 Ultra 256GB Green,098739780797005,Lazada Bulk,1110,SOLD,Backmarket,1174,2024-04-23
2024-04-18,iPhone 13 128GB Space Grey,590496140778133,Amazon UK,433,AVAILABLE,,,
2024-03-20,iPhone 15 Pro 512GB Midnight,895649294639823,Backmarket Direct,998,AVAILABLE,,,
2024-01-25,Galaxy S24 Ultra 128GB Titanium Black,558689405996333,Local Trade-in,426,AVAILABLE,,,
2024-03-16,iPhone 15 Pro Max 256GB Natural Titanium,384496273423725,Backmarket Direct,570,SOLD,eBay,666,2024-04-27
2024-02-11,Galaxy S24+ 512GB Titanium Gray,308402620962285,Backmarket Direct,1147,SOLD,eBay,1251,2024-04-30
2024-02-20,iPhone 15 Pro Max 512GB Black Titanium,117715095364194,Lazada Bulk,572,AVAILABLE,,,
2024-01-25,Galaxy S23 Ultra 256GB Titanium Violet,958679777967237,Amazon UK,1151,SOLD,Direct,1290,2024-04-21
2024-04-12,Galaxy S24 128GB Phantom Black,236805203730930,Amazon UK,413,AVAILABLE,,,
2024-04-14,iPhone 13 1TB Silver,778432389333540,eBay Wholesale,656,AVAILABLE,,,
2024-01-11,Galaxy S24+ 128GB Titanium Black,182317708218498,Lazada Bulk,1178,AVAILABLE,,,
2024-02-23,Galaxy S24 512GB Cream,102942787510935,eBay Wholesale,1156,AVAILABLE,,,
2024-02-19,iPhone 15 256GB Black Titanium,215623096611301,Lazada Bulk,401,AVAILABLE,,,
2024-03-24,Galaxy S24+ 256GB Lavender,112420155679854,Amazon UK,714,SOLD,Amazon,780,2024-04-25
2024-01-15,Galaxy S24 Ultra 256GB Titanium Violet,742211299993276,Backmarket Direct,693,AVAILABLE,,,
2024-01-16,Galaxy S23 256GB Cream,836371700137829,Amazon UK,618,SOLD,Backmarket,739,2024-04-30
2024-03-11,Galaxy S23 256GB Cream,593947722454059,Amazon UK,1033,SOLD,Direct,1120,2024-04-25
2024-04-13,Galaxy S24 128GB Green,947474816908300,Backmarket Direct,885,AVAILABLE,,,
2024-04-21,iPhone 15 1TB Blue Titanium,259078496119599,Backmarket Direct,490,SOLD,OnBuy,679,2024-04-29
2024-04-15,iPhone 15 Pro Max 512GB Space Grey,104024925732088,Local Trade-in,1044,AVAILABLE,,,
2024-04-17,Galaxy S23 Ultra 512GB Phantom Black,463464866255573,Backmarket Direct,905,AVAILABLE,,,
2024-01-18,Galaxy S24+ 256GB Cream,984600778041197,Local Trade-in,958,SOLD,Direct,1108,2024-04-27
2024-03-21,Galaxy S23 Ultra 256GB Titanium Violet,025995716626753,Lazada Bulk,402,AVAILABLE,,,
2024-03-26,iPhone 15 Pro 512GB Space Grey,573656423995288,Amazon UK,700,AVAILABLE,,,
2024-04-24,iPhone 15 512GB Silver,871697634699166,Local Trade-in,563,SOLD,Backmarket,723,2024-04-29
2024-02-27,iPhone 13 128GB Black Titanium,562797534942973,Lazada Bulk,817,AVAILABLE,,,
2024-03-24,iPhone 13 128GB Midnight,974468399673695,eBay Wholesale,416,AVAILABLE,,,
2024-04-12,iPhone 14 Pro Max 128GB Starlight,189343837513375,eBay Wholesale,844,AVAILABLE,,,
2024-04-19,Galaxy S24 128GB Phantom Black,355794757261149,Backmarket Direct,461,AVAILABLE,,,
2024-01-13,iPhone 14 128GB Midnight,067442028050955,Backmarket Direct,480,SOLD,Direct,533,2024-04-22
2024-04-24,Galaxy S23 1TB Lavender,914639220678775,Backmarket Direct,511,AVAILABLE,,,
2024-02-25,iPhone 14 Pro Max 1TB Gold,395671949083583,Backmarket Direct,1031,SOLD,Backmarket,1154,2024-04-28
2024-03-22,Galaxy S24+ 256GB Titanium Black,409839945349320,eBay Wholesale,1068,AVAILABLE,,,
2024-01-22,iPhone 15 Pro Max 128GB Black Titanium,375207578604087,Amazon UK,476,AVAILABLE,,,
2024-04-16,Galaxy S22 Ultra 256GB Green,898021251152670,Amazon UK,406,AVAILABLE,,,
2024-04-23,Galaxy S24+ 1TB Titanium Violet,721830157412566,Lazada Bulk,627,AVAILABLE,,,
2024-04-16,iPhone 15 Pro Max 1TB Starlight,765113390291306,Local Trade-in,1103,AVAILABLE,,,
2024-02-19,Galaxy S23 Ultra 256GB Lavender,168925225952987,Local Trade-in,1144,SOLD,OnBuy,1240,2024-04-21
2024-01-16,Galaxy S24 Ultra 128GB Titanium Gray,422097822922462,Local Trade-in,649,AVAILABLE,,,
2024-03-15,iPhone 14 1TB Starlight,530462706407243,Local Trade-in,406,SOLD,Amazon,485,2024-04-24
2024-02-25,iPhone 15 Pro 1TB Space Grey,865551366488683,eBay Wholesale,1178,SOLD,Direct,1239,2024-04-22
2024-01-14,iPhone 15 Pro Max 128GB Midnight,886988123553449,Amazon UK,691,AVAILABLE,,,
2024-03-13,Galaxy S24+ 1TB Cream,138616967626826,Lazada Bulk,662,SOLD,eBay,847,2024-04-21
2024-01-24,iPhone 15 Pro Max 1TB White Titanium,106489770979489,eBay Wholesale,1052,SOLD,OnBuy,1174,2024-04-24
2024-03-15,iPhone 14 Pro Max 1TB White Titanium,613856553267203,Local Trade-in,956,SOLD,OnBuy,1097,2024-04-20
2024-04-22,Galaxy S22 Ultra 128GB Lavender,827981239259990,eBay Wholesale,648,SOLD,OnBuy,814,2024-04-24
2024-01-25,iPhone 15 Pro Max 128GB Gold,208328116830297,Local Trade-in,710,AVAILABLE,,,
2024-01-20,iPhone 13 1TB Natural Titanium,741497495710315,eBay Wholesale,990,SOLD,Direct,1184,2024-04-24
2024-01-10,iPhone 14 512GB Space Grey,251984792225389,Local Trade-in,991,SOLD,Amazon,1082,2024-04-30
2024-02-11,Galaxy S24+ 256GB Titanium Gray,950433858110645,Backmarket Direct,471,SOLD,eBay,590,2024-04-25
2024-03-10,iPhone 13 512GB Midnight,827536773970366,Amazon UK,829,AVAILABLE,,,
2024-01-28,Galaxy S24 Ultra 128GB Titanium Black,777228867600271,Lazada Bulk,845,SOLD,OnBuy,928,2024-04-23
2024-01-14,Galaxy S22 Ultra 512GB Green,245805604565941,Amazon UK,862,SOLD,Amazon,948,2024-04-23
2024-01-23,iPhone 13 256GB Blue Titanium,120584976824892,Local Trade-in,510,AVAILABLE,,,
2024-02-13,iPhone 15 512GB Black Titanium,801940735324049,Backmarket Direct,443,AVAILABLE,,,
2024-02-17,iPhone 15 Pro 1TB Space Grey,886719307803082,eBay Wholesale,659,SOLD,Direct,768,2024-04-24
2024-02-13,iPhone 14 Pro Max 1TB Gold,460238178650206,Backmarket Direct,1186,AVAILABLE,,,
2024-01-24,iPhone 15 Pro 1TB Gold,618524120861029,Lazada Bulk,743,AVAILABLE,,,
2024-03-11,iPhone 13 128GB Natural Titanium,621553377491993,eBay Wholesale,756,AVAILABLE,,,
2024-02-26,Galaxy S24 512GB Titanium Gray,014372339365439,Local Trade-in,1163,AVAILABLE,,,
2024-02-14,Galaxy S23 Ultra 128GB Phantom Black,906282096264541,eBay Wholesale,1065,SOLD,OnBuy,1137,2024-04-22
2024-04-15,Galaxy S23 Ultra 128GB Cream,386412892901151,Amazon UK,910,SOLD,Direct,1060,2024-04-22
2024-03-12,Galaxy S24 256GB Titanium Gray,429470707688722,eBay Wholesale,861,AVAILABLE,,,
2024-03-28,Galaxy S24 128GB Green,009104809819942,eBay Wholesale,1177,SOLD,Backmarket,1312,2024-04-28
2024-03-23,iPhone 15 Pro 1TB Space Grey,223038304527642,eBay Wholesale,1047,AVAILABLE,,,
2024-01-22,iPhone 15 1TB Black Titanium,489793050581383,Lazada Bulk,943,SOLD,Amazon,1034,2024-04-24
2024-02-25,iPhone 15 Pro 128GB Space Grey,848737455973031,eBay Wholesale,1179,AVAILABLE,,,
2024-04-27,iPhone 14 256GB Space Grey,344272795735693,eBay Wholesale,1046,SOLD,Backmarket,1156,2024-04-30
2024-04-10,iPhone 13 1TB Gold,035922056577594,Amazon UK,760,SOLD,Backmarket,828,2024-04-23
2024-03-14,Galaxy S24+ 128GB Titanium Black,365556365478123,Amazon UK,932,AVAILABLE,,,
2024-02-16,Galaxy S23 1TB Titanium Gray,713925836583124,Backmarket Direct,1076,SOLD,eBay,1273,2024-04-28
2024-01-22,Galaxy S24 Ultra 256GB Green,340681077516002,Lazada Bulk,741,AVAILABLE,,,
2024-03-24,Galaxy S24 Ultra 512GB Titanium Violet,067939584382434,Lazada Bulk,864,SOLD,eBay,964,2024-04-21
2024-01-11,Galaxy S23 Ultra 512GB Titanium Black,186352739027335,Backmarket Direct,1132,SOLD,Backmarket,1252,2024-04-28
2024-04-21,Galaxy S24 Ultra 256GB Titanium Gray,822049801456980,eBay Wholesale,757,SOLD,Direct,920,2024-04-27
2024-01-26,iPhone 13 128GB Gold,419122852830793,Lazada Bulk,961,AVAILABLE,,,
2024-01-20,iPhone 15 Pro 512GB Natural Titanium,047815568969911,Amazon UK,616,SOLD,eBay,704,2024-04-26
2024-02-22,Galaxy S23 Ultra 1TB Lavender,124012284307307,eBay Wholesale,600,AVAILABLE,,,
2024-03-12,iPhone 13 512GB White Titanium,555178905916579,eBay Wholesale,629,SOLD,Backmarket,788,2024-04-28
2024-03-28,iPhone 15 Pro 1TB White Titanium,734847595292177,eBay Wholesale,585,AVAILABLE,,,
2024-01-17,Galaxy S24+ 128GB Titanium Black,677060536474454,Amazon UK,648,AVAILABLE,,,
2024-03-18,iPhone 15 Pro 256GB Gold,350181255805183,eBay Wholesale,799,SOLD,Direct,948,2024-04-29
2024-02-21,iPhone 15 Pro 1TB Starlight,093539528316846,Amazon UK,865,AVAILABLE,,,
2024-04-18,Galaxy S23 Ultra 1TB Phantom Black,202826922923223,eBay Wholesale,847,SOLD,Direct,966,2024-04-30
2024-04-14,Galaxy S24 Ultra 1TB Titanium Black,545611119863894,Amazon UK,734,AVAILABLE,,,
2024-01-22,Galaxy S23 1TB Green,586496012779528,eBay Wholesale,651,SOLD,eBay,706,2024-04-27
2024-01-18,Galaxy S24 Ultra 128GB Cream,833836568372804,eBay Wholesale,964,SOLD,Amazon,1115,2024-04-24
2024-03-16,iPhone 15 Pro 512GB White Titanium,394068567435364,Backmarket Direct,479,SOLD,OnBuy,668,2024-04-28
2024-02-22,iPhone 15 512GB Blue Titanium,210639685582281,Lazada Bulk,1169,SOLD,Backmarket,1336,2024-04-30
2024-01-21,iPhone 15 128GB Silver,344814269781981,Local Trade-in,719,SOLD,Amazon,804,2024-04-20
2024-02-26,Galaxy S24+ 128GB Lavender,874327115335975,Amazon UK,925,SOLD,Backmarket,1081,2024-04-28
2024-01-20,Galaxy S24 1TB Lavender,082070990787570,Local Trade-in,831,SOLD,Backmarket,918,2024-04-29
2024-01-28,Galaxy S23 512GB Lavender,963270965259817,Backmarket Direct,839,AVAILABLE,,,
2024-01-12,Galaxy S24 512GB Titanium Violet,660395239501833,eBay Wholesale,452,SOLD,eBay,572,2024-04-29
2024-04-16,iPhone 13 256GB Midnight,702019901096920,Local Trade-in,873,SOLD,eBay,928,2024-04-23
2024-03-14,iPhone 14 128GB Starlight,956605448251662,eBay Wholesale,912,SOLD,Amazon,1026,2024-04-23
2024-04-28,Galaxy S24 1TB Lavender,008640374248174,eBay Wholesale,943,AVAILABLE,,,
2024-01-27,iPhone 15 Pro 1TB Silver,158353072585744,Lazada Bulk,656,AVAILABLE,,,
2024-02-11,Galaxy S23 256GB Titanium Black,213078994968117,Amazon UK,908,SOLD,Direct,965,2024-04-28
2024-02-14,iPhone 13 512GB Space Grey,111519204959749,Backmarket Direct,892,AVAILABLE,,,
2024-03-28,Galaxy S24+ 128GB Phantom Black,613239535973823,Local Trade-in,780,AVAILABLE,,,
2024-02-14,iPhone 13 1TB White Titanium,272171067372541,Backmarket Direct,782,SOLD,eBay,966,2024-04-26
2024-02-28,Galaxy S23 1TB Lavender,616853198848751,Local Trade-in,903,SOLD,eBay,1103,2024-04-25
2024-03-21,Galaxy S23 Ultra 1TB Lavender,833953704936823,Lazada Bulk,433,SOLD,OnBuy,627,2024-04-30
2024-03-20,iPhone 15 256GB Natural Titanium,914251754701546,Lazada Bulk,616,AVAILABLE,,,
2024-03-24,iPhone 14 128GB Silver,744122804906104,Backmarket Direct,1012,SOLD,eBay,1180,2024-04-21
2024-04-11,iPhone 15 512GB Midnight,398469718370446,eBay Wholesale,445,SOLD,eBay,642,2024-04-28
2024-03-13,iPhone 15 128GB Silver,900586561448659,Local Trade-in,1122,AVAILABLE,,,
2024-02-26,Galaxy S23 Ultra 1TB Lavender,731334212952082,Amazon UK,1087,AVAILABLE,,,
2024-01-13,Galaxy S23 Ultra 256GB Titanium Violet,316372119814734,Amazon UK,981,SOLD,OnBuy,1058,2024-04-26
2024-01-22,Galaxy S24 Ultra 128GB Green,264363441802364,Amazon UK,489,AVAILABLE,,,
2024-03-16,iPhone 15 512GB Midnight,110426828625649,eBay Wholesale,712,AVAILABLE,,,
2024-04-11,iPhone 15 Pro 512GB Space Grey,032376882566507,Lazada Bulk,536,AVAILABLE,,,
2024-04-26,Galaxy S24 256GB Phantom Black,645757126947707,Amazon UK,655,AVAILABLE,,,
2024-01-25,Galaxy S22 Ultra 1TB Cream,979432363273747,Local Trade-in,830,SOLD,Amazon,910,2024-04-26
2024-03-23,Galaxy S22 Ultra 512GB Titanium Violet,653806026751691,Amazon UK,663,AVAILABLE,,,
2024-02-11,iPhone 13 512GB Starlight,002269159291001,eBay Wholesale,1198,SOLD,OnBuy,1273,2024-04-23
2024-02-19,Galaxy S24 512GB Titanium Black,694264490378640,Lazada Bulk,1017,AVAILABLE,,,
2024-01-20,iPhone 14 1TB Starlight,534615461231605,Lazada Bulk,725,AVAILABLE,,,
2024-02-15,Galaxy S24 512GB Green,915675024502802,Amazon UK,440,SOLD,Backmarket,539,2024-04-21
2024-01-12,Galaxy S24+ 512GB Cream,573543397963914,eBay Wholesale,751,AVAILABLE,,,
2024-01-27,Galaxy S22 Ultra 512GB Green,665785746806634,Lazada Bulk,728,SOLD,Backmarket,881,2024-04-25
2024-02-25,iPhone 15 Pro Max 128GB Space Grey,331468773056920,Amazon UK,1163,SOLD,Direct,1234,2024-04-26
2024-04-15,Galaxy S22 Ultra 1TB Green,698839951235411,Amazon UK,620,AVAILABLE,,,
2024-02-17,iPhone 15 Pro 512GB Black Titanium,259609963940680,eBay Wholesale,774,SOLD,eBay,843,2024-04-24
2024-04-22,Galaxy S24 128GB Green,329925481651020,eBay Wholesale,423,SOLD,OnBuy,562,2024-04-23
2024-02-20,Galaxy S23 Ultra 1TB Titanium Violet,126202691439695,Amazon UK,973,SOLD,Direct,1146,2024-04-20
2024-02-26,Galaxy S24 128GB Titanium Gray,387031378196467,Local Trade-in,451,AVAILABLE,,,
2024-04-24,iPhone 15 256GB Blue Titanium,265430210328862,eBay Wholesale,890,SOLD,OnBuy,964,2024-04-28
2024-03-27,iPhone 15 512GB Starlight,137079502111964,Amazon UK,1095,SOLD,Amazon,1229,2024-04-30
2024-01-21,iPhone 14 Pro Max 1TB Starlight,576283498126751,Backmarket Direct,1073,AVAILABLE,,,
2024-02-15,Galaxy S23 512GB Green,832937311726566,Amazon UK,1016,SOLD,Backmarket,1068,2024-04-23
2024-01-28,Galaxy S24 Ultra 256GB Lavender,065626563457334,Backmarket Direct,585,AVAILABLE,,,
2024-02-16,iPhone 15 1TB Starlight,030836014145474,Backmarket Direct,898,AVAILABLE,,,
2024-02-19,iPhone 15 Pro Max 1TB Midnight,651928634664089,Local Trade-in,547,AVAILABLE,,,
2024-03-17,iPhone 15 128GB Space Grey,327795062403720,Lazada Bulk,1034,SOLD,Backmarket,1226,2024-04-29
2024-02-15,iPhone 15 256GB Blue Titanium,360350073711223,Local Trade-in,701,AVAILABLE,,,
2024-04-19,Galaxy S24+ 128GB Lavender,960010579491928,Local Trade-in,1117,AVAILABLE,,,
2024-01-13,iPhone 13 128GB White Titanium,745242527457264,eBay Wholesale,920,SOLD,OnBuy,999,2024-04-23
2024-02-25,Galaxy S23 1TB Titanium Gray,073945166079161,Lazada Bulk,638,SOLD,OnBuy,778,2024-04-23
2024-03-20,Galaxy S23 512GB Titanium Violet,353667363623998,Backmarket Direct,1115,SOLD,eBay,1312,2024-04-20
2024-01-11,iPhone 15 Pro Max 1TB Midnight,137297088462865,Local Trade-in,601,AVAILABLE,,,
2024-04-28,Galaxy S24 Ultra 1TB Cream,114765068850486,Amazon UK,788,SOLD,eBay,922,2024-04-23
2024-01-15,Galaxy S24 Ultra 128GB Lavender,275909544689106,Backmarket Direct,1156,AVAILABLE,,,
2024-04-12,Galaxy S24+ 256GB Titanium Violet,945617872846082,Lazada Bulk,479,AVAILABLE,,,
2024-03-20,Galaxy S24 Ultra 1TB Cream,370105432187115,Amazon UK,669,AVAILABLE,,,
2024-02-12,iPhone 15 Pro Max 128GB Silver,032986116177281,Amazon UK,1150,AVAILABLE,,,
2024-01-10,Galaxy S22 Ultra 1TB Cream,041029887299335,Backmarket Direct,1193,SOLD,Backmarket,1308,2024-04-20
2024-04-15,Galaxy S23 Ultra 512GB Phantom Black,184589769048589,eBay Wholesale,595,SOLD,Backmarket,691,2024-04-27